-- phpMyAdmin SQL Dump
-- version 5.0.4
-- https://www.phpmyadmin.net/
--
-- Host: 127.0.0.1
-- Generation Time: Jan 02, 2024 at 10:57 AM
-- Server version: 10.4.17-MariaDB
-- PHP Version: 7.3.27

SET SQL_MODE = "NO_AUTO_VALUE_ON_ZERO";
START TRANSACTION;
SET time_zone = "+00:00";


/*!40101 SET @OLD_CHARACTER_SET_CLIENT=@@CHARACTER_SET_CLIENT */;
/*!40101 SET @OLD_CHARACTER_SET_RESULTS=@@CHARACTER_SET_RESULTS */;
/*!40101 SET @OLD_COLLATION_CONNECTION=@@COLLATION_CONNECTION */;
/*!40101 SET NAMES utf8mb4 */;

--
-- Database: `cahaya_mas`
--

-- --------------------------------------------------------

--
-- Table structure for table `category_inventory`
--

CREATE TABLE `category_inventory` (
  `id` int(8) NOT NULL,
  `name` varchar(255) NOT NULL
) ENGINE=InnoDB DEFAULT CHARSET=utf8mb4;

--
-- Dumping data for table `category_inventory`
--

INSERT INTO `category_inventory` (`id`, `name`) VALUES
(1, 'ROKOK'),
(2, 'MINUMAN'),
(3, 'BATTERY'),
(4, 'BISKUIT'),
(5, 'DEODORAN'),
(6, 'PERMEN'),
(7, 'KACANG'),
(8, 'KECAP'),
(9, 'KOPI'),
(10, 'LILIN'),
(11, 'MAKANAN'),
(12, 'MIE'),
(13, 'MINUMAN'),
(14, 'MINYAK GORENG'),
(15, 'OBAT NYAMUK'),
(16, 'ODOL'),
(17, 'PEMBALUT'),
(18, 'PEMBERSIH KAMAR MANDI'),
(19, 'PEMBERSIH LANTAI'),
(20, 'PENYEDAP MAKANAN'),
(21, 'SABUN CUCI BAJU'),
(22, 'SABUN CUCI PIRING'),
(23, 'SABUN MANDI'),
(24, 'SABUN CUCI PAKAIAN'),
(25, 'SAMBAL'),
(26, 'SHAMPOO'),
(27, 'SNACK'),
(28, 'SUSU'),
(29, 'TEH'),
(30, 'TEPUNG'),
(31, 'TISSUE');

-- --------------------------------------------------------

--
-- Table structure for table `customer`
--

CREATE TABLE `customer` (
  `id` int(8) NOT NULL,
  `code` varchar(10) NOT NULL,
  `email` varchar(255) NOT NULL,
  `password` varchar(255) NOT NULL,
  `full_name` varchar(255) NOT NULL,
  `phone` varchar(255) NOT NULL,
  `address` varchar(255) NOT NULL,
  `tier_customer` varchar(15) NOT NULL DEFAULT 'general',
  `poin` int(15) NOT NULL DEFAULT 0
) ENGINE=InnoDB DEFAULT CHARSET=utf8mb4;

--
-- Dumping data for table `customer`
--

INSERT INTO `customer` (`id`, `code`, `email`, `password`, `full_name`, `phone`, `address`, `tier_customer`, `poin`) VALUES
(10, 'C0001', 'TOKO58', 'TOKO58', 'TOKO 58', '081369999584', 'JL. KANDEA NO. 140, MAKASSAR', 'general', 13000),
(11, 'C0002', 'AMBO', 'AMBO', 'AMBO', '082677777455', 'JL. TARAKAN NO.67, MAKASSAR', 'bronze', 5200),
(12, 'C0003', 'FAUZAN', 'FAUZAN', 'FAUZAN', '082353646992', 'JL. LAMURU NO. 146, MAKASSAR', 'bronze', 5900),
(13, 'C0004', 'JABRI', 'JABRI', 'JABRI', '082654444888', 'JL. TODOPULI NO.154, ENREKANG', 'gold', 4600),
(14, 'C0005', 'SUPRIYADI', 'SUPRIYADI', 'SUPRIYADI', '082363585456', 'JL. TARAKAN NO. 190, MAKASSAR', 'bronze', 11300),
(15, 'C0006', 'ektong', '$2y$10$g1fbu1ETSY4O5BJcnClRV.q5vP0t.WZGri7IBVAJ6NyVdZPVu4ocO', 'EKTONG', '081555696585', 'JL. SULAWESI NO. 78, MAKASSAR', 'silver', 6100),
(16, 'C0007', 'SINARALAM', 'SINAR ALAM', 'SINAR ALAM', '085878888424', 'JL. RANGGONG NO. 20, MAKASSAR', 'silver', 9600),
(17, 'C0008', 'AROMA', 'AROMA', 'AROMA', '081679555333', 'JL. NUSANTARA NO. 94, MAKASSAR', 'silver', 6600),
(18, 'C0009', 'CAHAYABARU', 'CAHAYA BARU', 'CAHAYA BARU', '085212353958', 'JL. SULAWESI NO.48, LUWUK', 'silver', 9100),
(19, 'C0010', 'YOGI', 'YOGI', 'YOGI', '085888864466', 'JL. POROS CAMMI NO. 136, BONE', 'gold', 9800),
(20, 'C0011', 'benny', '$2y$10$xZox9u.nqpK8FnSXv4L5yONrkNF0LxWp110u/rVVhk0fff2FkYxH.', 'BENNY', '085663365564', 'JL. PONEGORO NO. 158, MAKASSAR', 'general', 12100),
(21, 'C0012', 'cahayatinumbu', '$2y$10$R.rmzc2YI7TLaHCQq6x/o.dh2SFTTuIUHmNCiL7imo6zVzLYPY6ky', 'CAHAYA TINUMBU', '081656989654', 'JL. BANDANG NO.178', 'bronze', 6800),
(22, 'C0013', 'ifa', '$2y$10$oZc0YESs7JQR0nSLmlCfhuTM5yvVyRTzOra8Eve7/NI/YBg9QwOz.', 'IFA', '085656365699', 'JL. YOSUDARSO NO. 245', 'silver', 2700),
(23, 'C0014', 'kasma', '$2y$10$MVjOxhWg4mkj4owJD.8QBevKa7ax4cydHjdbLaTBD3PmyjbpYhE9O', 'KASMA', '085363545695', 'JL. MERPATI NO. 108, BONE', 'gold', 1400),
(24, 'C0015', 'nita', '$2y$10$zFDiYDdy7TkCU.4PtprtkOmYT8GMXLG4iCp.eIZu.XGPKtYWL/VgG', 'NITA', '0851666999565', 'JL. CAKALANG NO. 205, MAKASSAR', 'silver', 0),
(25, 'C0016', 'suryabantaeng', '$2y$10$IueoI8zEVcIn6kidAzbGsuN6B146I0krcW7.RxW9z/YCgJMZoswMC', 'SURYA BANTAENG', '081486495435', 'JL. PONEGORO NO. 111, MAKASSAR', 'gold', 4400),
(26, 'C0017', 'evi', '$2y$10$e2NT/tU3e5oEoaMbhiTY0.tKjVl3owBqgzefi2qmqMrnqXhMlpXiO', 'EVI', '085369954458', 'JL. NUSANTARA NO. 194, MAKASSAR', 'silver', 5800),
(27, 'C0018', 'sinarandalas', '$2y$10$LdA47thavm21hwY1yn3XBOACwvhVUkHnlXySPEsKgD5NfnlaK3hbG', 'SINAR ANDALAS', '085696363569', 'JL. ANDALAS NO. 22, MAKASSAR', 'silver', 2600),
(28, 'C0019', 'ida', '$2y$10$XHqfQU7uwyntN/PGjRs/WerrVP0imb9UfVu6LatpzUOKsJNGNGGum', 'IDA', '081377566599', 'JL. PETTRANI NO. 268, MAKASSAR', 'silver', 2600),
(29, 'C0020', 'herrylamuru', '$2y$10$gKEpMxRd0bIuK2gbd2c.fuL6bZQWpIruYw0Yd9eyAgEP75aqDBYeO', 'HERRY LAMURU', '085963369878', 'JL. LAMURU NO.49, MAKASSAR', 'silver', 7900),
(30, 'A0001', 'williamsurya48@gmail.com', '$2y$10$scclqDKJ4Llny9.0./56keCxonI47ByZkSfF5zsopwgVFC.yAyu6S', 'william', '081234633901', 'Harington St', 'general', 5700),
(32, 'C0021', 'william_surya34@yahoo.com', '$2y$10$B7EKEWODHxTHj39cOup2MOu2h.3BygEKG0PpbSMFVlw9ETWb.Xw6y', 'william', '12312313', 'w2212', 'general', 0);

-- --------------------------------------------------------

--
-- Table structure for table `diskon`
--

CREATE TABLE `diskon` (
  `id` int(8) NOT NULL,
  `id_inventory` int(8) NOT NULL,
  `id_unit` int(8) NOT NULL,
  `minimal` int(8) NOT NULL,
  `potongan` int(25) NOT NULL,
  `start_date` date NOT NULL DEFAULT current_timestamp(),
  `end_date` date NOT NULL DEFAULT current_timestamp()
) ENGINE=InnoDB DEFAULT CHARSET=utf8mb4;

-- --------------------------------------------------------

--
-- Table structure for table `d_pengiriman`
--

CREATE TABLE `d_pengiriman` (
  `id` int(8) NOT NULL,
  `id_h_pengiriman` int(8) NOT NULL,
  `id_h_transaction` int(8) NOT NULL
) ENGINE=InnoDB DEFAULT CHARSET=utf8mb4;

--
-- Dumping data for table `d_pengiriman`
--

INSERT INTO `d_pengiriman` (`id`, `id_h_pengiriman`, `id_h_transaction`) VALUES
(1, 1, 117),
(2, 1, 116);

-- --------------------------------------------------------

--
-- Table structure for table `d_purchase_order`
--

CREATE TABLE `d_purchase_order` (
  `id` int(8) NOT NULL,
  `id_h_purchase_order` int(8) NOT NULL,
  `id_inventory` int(8) NOT NULL,
  `id_unit` int(8) NOT NULL,
  `date_expired` date DEFAULT NULL,
  `qty` int(11) NOT NULL,
  `sisa_qty` int(8) NOT NULL DEFAULT 0,
  `order_qty` int(8) NOT NULL DEFAULT 0,
  `price_buy` int(11) DEFAULT NULL
) ENGINE=InnoDB DEFAULT CHARSET=utf8mb4;

--
-- Dumping data for table `d_purchase_order`
--

INSERT INTO `d_purchase_order` (`id`, `id_h_purchase_order`, `id_inventory`, `id_unit`, `date_expired`, `qty`, `sisa_qty`, `order_qty`, `price_buy`) VALUES
(9, 2, 50, 152, '2025-10-14', 5, 0, 5, 1440000),
(10, 2, 51, 155, '2025-06-10', 10, 0, 10, 750000),
(11, 2, 52, 158, '2025-08-20', 25, 0, 25, 555000),
(12, 2, 53, 160, '2025-03-02', 5, 0, 5, 970000),
(16, 3, 54, 162, '2024-09-03', 30, 0, 30, 222000),
(17, 3, 58, 170, '2024-09-03', 30, 0, 30, 222000),
(18, 3, 59, 172, '2024-09-03', 30, 0, 30, 222000),
(20, 4, 57, 168, '2024-06-17', 100, 0, 100, 280000),
(25, 5, 60, 174, '2024-08-22', 50, 0, 50, 235000),
(26, 5, 61, 176, '2024-08-22', 50, 0, 50, 125000),
(27, 5, 65, 184, '2024-08-22', 50, 0, 50, 220000),
(28, 5, 66, 186, '2024-08-22', 50, 0, 50, 220000),
(31, 6, 67, 188, '2024-02-01', 200, 0, 200, 77000),
(32, 6, 68, 190, '2024-02-01', 200, 0, 200, 87000),
(59, 7, 71, 196, '2023-12-21', 100, 0, 100, 125000),
(60, 7, 72, 198, '2023-12-21', 100, 0, 100, 120000),
(61, 7, 73, 200, '2023-12-21', 100, 0, 100, 120000),
(62, 7, 74, 202, '2023-12-21', 100, 0, 100, 163000),
(63, 7, 75, 204, '2023-12-21', 100, 0, 100, 125000),
(64, 7, 76, 206, '2023-12-21', 100, 0, 100, 125000),
(65, 7, 77, 208, '2023-12-21', 100, 0, 100, 120000),
(66, 7, 78, 210, '2023-12-21', 100, 0, 100, 125000),
(67, 7, 80, 214, '2023-12-21', 100, 0, 100, 125000),
(68, 7, 81, 216, '2023-12-21', 100, 0, 100, 125000),
(69, 7, 82, 218, '2023-12-21', 100, 0, 100, 125000),
(70, 7, 83, 220, '2023-12-21', 100, 0, 100, 120000),
(71, 7, 84, 222, '2023-12-21', 100, 0, 100, 117000),
(72, 7, 85, 224, '2023-12-21', 100, 0, 100, 120000),
(73, 7, 86, 226, '2023-12-21', 100, 0, 100, 125000),
(74, 7, 87, 228, '2023-12-21', 100, 0, 100, 125000),
(75, 7, 88, 230, '2023-12-21', 100, 0, 100, 125000),
(76, 7, 89, 232, '2023-12-21', 100, 0, 100, 120000),
(77, 7, 90, 234, '2023-12-21', 100, 0, 100, 210000),
(78, 7, 91, 236, '2023-12-21', 100, 0, 100, 125000),
(79, 7, 92, 238, '2023-12-21', 100, 0, 100, 125000),
(80, 7, 93, 240, '2023-12-21', 100, 0, 100, 125000),
(81, 7, 94, 242, '2023-12-21', 100, 0, 100, 125000),
(82, 7, 95, 244, '2023-12-21', 100, 0, 100, 108000),
(83, 7, 96, 246, '2023-12-21', 100, 0, 100, 120000),
(84, 7, 97, 248, '2023-12-21', 100, 0, 100, 125000),
(91, 8, 98, 250, '2023-12-23', 20, 0, 20, 140000),
(92, 8, 99, 252, '2023-12-23', 20, 0, 20, 325000),
(93, 8, 100, 254, '2023-12-23', 20, 0, 20, 280000),
(94, 8, 101, 256, '2023-12-23', 20, 0, 20, 255000),
(95, 8, 102, 258, '2023-12-23', 100, 0, 100, 170000),
(96, 8, 103, 260, '2023-12-23', 100, 0, 100, 75000),
(99, 9, 69, 192, '2023-12-25', 100, 0, 100, 120000),
(100, 9, 104, 262, '2023-12-25', 100, 0, 100, 135000),
(137, 10, 105, 263, '2024-03-22', 100, 0, 100, 48000),
(138, 10, 106, 264, '2024-03-22', 100, 0, 100, 42500),
(139, 10, 107, 265, '2024-03-22', 100, 0, 100, 112000),
(140, 10, 108, 266, '2024-03-22', 250, 0, 250, 112000),
(141, 10, 109, 267, '2024-03-22', 100, 0, 100, 112000),
(142, 10, 110, 268, '2024-03-22', 150, 0, 150, 112000),
(143, 10, 111, 269, '2024-03-22', 150, 0, 150, 100000),
(144, 10, 112, 270, '2024-03-22', 100, 0, 100, 116000),
(145, 10, 113, 271, '2024-03-22', 100, 0, 100, 112000),
(146, 10, 114, 272, '2024-03-22', 100, 0, 100, 112000),
(147, 10, 115, 273, '2024-03-22', 250, 0, 250, 108000),
(148, 10, 116, 274, '2024-03-22', 100, 0, 100, 48000),
(149, 10, 117, 275, '2024-03-22', 100, 0, 100, 42500),
(150, 10, 118, 276, '2024-03-22', 100, 0, 100, 104000),
(151, 10, 119, 277, '2024-03-22', 100, 0, 100, 104000),
(152, 10, 120, 278, '2024-03-22', 100, 0, 100, 104000),
(153, 10, 121, 279, '2024-03-22', 100, 0, 100, 93000),
(154, 10, 122, 280, '2024-03-22', 100, 0, 100, 93000),
(155, 10, 123, 281, '2024-03-22', 100, 0, 100, 87000),
(156, 10, 124, 282, '2024-03-22', 100, 0, 100, 110000),
(157, 10, 125, 283, '2024-03-22', 50, 0, 50, 50000),
(158, 10, 126, 284, '2024-03-22', 50, 0, 50, 50000),
(159, 10, 127, 285, '2024-03-22', 50, 0, 50, 52000),
(160, 10, 128, 286, '2024-03-22', 50, 0, 50, 50000),
(161, 10, 129, 287, '2024-03-22', 50, 0, 50, 52000),
(162, 10, 130, 288, '2024-03-22', 50, 0, 50, 52000),
(163, 10, 131, 289, '2024-03-22', 50, 0, 50, 50000),
(164, 10, 132, 290, '2024-03-22', 50, 0, 50, 51000),
(165, 10, 133, 291, '2024-03-22', 50, 0, 50, 50000),
(166, 10, 134, 292, '2024-03-22', 50, 0, 50, 110000),
(167, 10, 135, 293, '2024-03-22', 50, 0, 50, 108000),
(168, 10, 136, 294, '2024-03-22', 100, 0, 100, 110000),
(169, 10, 137, 295, '2024-03-22', 50, 0, 50, 110000),
(170, 10, 138, 296, '2024-03-22', 50, 0, 50, 108000),
(171, 10, 139, 297, '2024-03-22', 200, 0, 200, 108000),
(172, 10, 140, 298, '2024-03-22', 50, 0, 50, 108000),
(180, 11, 55, 164, '2024-02-17', 100, 0, 100, 222300),
(181, 11, 56, 166, '2024-02-17', 100, 0, 100, 154050),
(182, 11, 62, 178, '2024-01-17', 100, 0, 100, 129360),
(183, 11, 63, 180, '2024-02-17', 100, 0, 100, 129360),
(184, 11, 64, 182, '2024-02-17', 100, 0, 100, 191000),
(185, 11, 70, 194, '2024-02-17', 50, 0, 50, 129360),
(186, 11, 141, 300, '2024-02-17', 50, 0, 50, 126750),
(193, 12, 142, 302, '2024-12-17', 200, 0, 200, 39300),
(194, 12, 143, 303, '2024-12-17', 100, 0, 100, 23200),
(195, 12, 144, 304, '2024-12-17', 100, 0, 100, 20100),
(196, 12, 145, 305, '2024-12-17', 100, 0, 100, 42150),
(197, 12, 146, 306, '2024-12-17', 100, 0, 100, 38800),
(198, 12, 147, 308, '2024-12-17', 50, 0, 50, 58000),
(199, 13, 50, 150, NULL, 0, 5, 5, NULL),
(215, 14, 50, 150, '2024-12-26', 5, 10, 15, 55),
(216, 14, 51, 153, '2024-12-26', 5, 0, 5, 55),
(217, 14, 52, 156, '2024-12-26', 5, 0, 5, 55),
(218, 14, 53, 159, '2024-12-26', 5, 0, 5, 55),
(219, 14, 54, 161, '2024-12-26', 5, 0, 5, 5),
(220, 14, 59, 171, '2024-12-26', 5, 0, 5, 5),
(221, 14, 67, 187, '2024-12-26', 5, 0, 5, 5),
(222, 14, 68, 190, '2024-12-26', 5, 0, 5, 5),
(223, 14, 50, 151, '2024-12-26', 5, 0, 5, 5),
(224, 14, 50, 152, '2024-12-26', 5, 0, 5, 5),
(225, 14, 51, 154, '2024-12-26', 5, 0, 5, 5),
(226, 14, 51, 155, '2024-12-26', 5, 0, 5, 5),
(227, 14, 52, 157, '2024-12-26', 5, 0, 5, 5),
(228, 14, 52, 158, '2024-12-26', 5, 0, 5, 5),
(229, 14, 53, 160, '2024-12-26', 5, 0, 5, 5);

-- --------------------------------------------------------

--
-- Table structure for table `d_transaction`
--

CREATE TABLE `d_transaction` (
  `id` int(8) NOT NULL,
  `id_h_transaction` int(8) NOT NULL,
  `id_inventory` int(8) NOT NULL,
  `id_unit` int(8) NOT NULL,
  `sell_price` int(15) NOT NULL,
  `qty` int(15) NOT NULL,
  `diskon` int(25) NOT NULL DEFAULT 0,
  `sub_total` int(15) NOT NULL,
  `hpp` int(11) NOT NULL,
  `netto` int(11) NOT NULL,
  `stok_akhir` int(11) NOT NULL DEFAULT 0
) ENGINE=InnoDB DEFAULT CHARSET=utf8mb4;

--
-- Dumping data for table `d_transaction`
--

INSERT INTO `d_transaction` (`id`, `id_h_transaction`, `id_inventory`, `id_unit`, `sell_price`, `qty`, `diskon`, `sub_total`, `hpp`, `netto`, `stok_akhir`) VALUES
(1, 1, 108, 266, 113000, 5, 0, 565000, 112000, 5000, 245),
(2, 1, 115, 273, 110000, 5, 0, 550000, 108000, 10000, 245),
(3, 2, 108, 266, 113000, 5, 0, 565000, 112000, 5000, 240),
(4, 3, 144, 304, 22000, 2, 0, 44000, 20100, 3800, 98),
(5, 3, 142, 302, 45000, 3, 0, 135000, 39300, 17100, 197),
(6, 4, 71, 196, 128000, 1, 0, 128000, 125000, 3000, 99),
(7, 4, 72, 198, 122000, 1, 0, 122000, 120000, 2000, 99),
(11, 6, 102, 258, 180000, 2, 0, 360000, 170000, 20000, 98),
(12, 6, 108, 266, 113000, 5, 0, 565000, 112000, 5000, 235),
(13, 7, 76, 206, 128000, 2, 0, 256000, 125000, 6000, 96),
(14, 7, 81, 216, 128000, 2, 0, 256000, 125000, 6000, 98),
(15, 7, 92, 238, 128000, 3, 0, 384000, 125000, 9000, 97),
(16, 8, 57, 168, 290000, 2, 0, 580000, 280000, 20000, 98),
(17, 8, 103, 260, 78000, 2, 0, 156000, 75000, 6000, 98),
(18, 9, 71, 196, 128000, 5, 0, 640000, 125000, 15000, 94),
(19, 9, 108, 266, 113000, 5, 0, 565000, 112000, 5000, 230),
(20, 9, 102, 258, 180000, 5, 0, 900000, 170000, 50000, 93),
(21, 10, 55, 164, 228000, 5, 0, 1140000, 222300, 28500, 94),
(22, 11, 55, 164, 228000, 2, 0, 456000, 222300, 11400, 92),
(23, 11, 57, 168, 290000, 2, 0, 580000, 280000, 20000, 96),
(24, 12, 108, 266, 113000, 30, 0, 3390000, 112000, 30000, 200),
(25, 12, 115, 273, 110000, 30, 0, 3300000, 108000, 60000, 215),
(26, 12, 105, 263, 50000, 10, 0, 500000, 48000, 20000, 90),
(27, 12, 106, 264, 44000, 10, 0, 440000, 42500, 15000, 90),
(28, 13, 77, 208, 122000, 10, 0, 1220000, 120000, 20000, 90),
(29, 13, 81, 216, 128000, 5, 0, 640000, 125000, 15000, 93),
(30, 13, 84, 222, 125000, 2, 0, 250000, 117000, 16000, 98),
(31, 14, 88, 230, 128000, 2, 0, 256000, 125000, 6000, 98),
(32, 14, 95, 244, 114000, 2, 0, 228000, 108000, 12000, 98),
(33, 14, 96, 246, 122000, 5, 0, 610000, 120000, 10000, 95),
(34, 15, 73, 200, 122000, 3, 0, 366000, 120000, 6000, 97),
(35, 15, 75, 204, 128000, 4, 0, 512000, 125000, 12000, 96),
(36, 16, 80, 214, 128000, 3, 0, 384000, 125000, 9000, 97),
(37, 16, 83, 220, 122000, 2, 0, 244000, 120000, 4000, 98),
(38, 16, 87, 228, 128000, 5, 0, 640000, 125000, 15000, 95),
(39, 17, 75, 204, 128000, 2, 0, 256000, 125000, 6000, 94),
(40, 17, 78, 210, 128000, 3, 0, 384000, 125000, 9000, 97),
(41, 18, 74, 202, 165000, 5, 0, 825000, 163000, 10000, 95),
(42, 18, 82, 218, 128000, 5, 0, 640000, 125000, 15000, 95),
(43, 19, 80, 214, 128000, 5, 0, 640000, 125000, 15000, 92),
(44, 19, 97, 248, 128000, 6, 0, 768000, 125000, 18000, 94),
(45, 20, 77, 208, 122000, 5, 0, 610000, 120000, 10000, 85),
(46, 21, 72, 198, 122000, 4, 0, 488000, 120000, 8000, 95),
(47, 21, 75, 204, 128000, 4, 0, 512000, 125000, 12000, 90),
(48, 21, 77, 208, 122000, 5, 0, 610000, 120000, 10000, 80),
(49, 21, 81, 216, 128000, 3, 0, 384000, 125000, 9000, 90),
(50, 22, 84, 222, 125000, 5, 0, 625000, 117000, 40000, 93),
(51, 23, 55, 164, 228000, 2, 0, 456000, 222300, 11400, 90),
(52, 23, 146, 306, 43000, 5, 0, 215000, 38800, 21000, 95),
(53, 23, 142, 302, 45000, 5, 0, 225000, 39300, 28500, 192),
(54, 23, 74, 202, 165000, 2, 0, 330000, 163000, 4000, 93),
(55, 23, 73, 200, 122000, 2, 0, 244000, 120000, 4000, 95),
(56, 23, 77, 208, 122000, 3, 0, 366000, 120000, 6000, 77),
(57, 24, 84, 222, 125000, 2, 0, 250000, 117000, 16000, 91),
(58, 24, 88, 230, 128000, 5, 0, 640000, 125000, 15000, 93),
(59, 24, 90, 234, 215000, 4, 0, 860000, 210000, 20000, 96),
(60, 25, 108, 266, 113000, 20, 0, 2260000, 112000, 20000, 180),
(61, 25, 115, 273, 110000, 15, 0, 1650000, 108000, 30000, 200),
(62, 25, 146, 306, 43000, 25, 0, 1075000, 38800, 105000, 70),
(63, 25, 57, 168, 290000, 5, 0, 1450000, 280000, 50000, 91),
(64, 26, 75, 204, 128000, 5, 0, 640000, 125000, 15000, 85),
(65, 26, 114, 272, 113000, 3, 0, 339000, 112000, 3000, 97),
(66, 27, 50, 152, 1560000, 1, 0, 1560000, 1440000, 120000, 4),
(67, 27, 102, 258, 180000, 20, 0, 3600000, 170000, 200000, 73),
(68, 27, 124, 282, 113000, 20, 0, 2260000, 110000, 60000, 80),
(69, 27, 125, 283, 54000, 20, 0, 1080000, 50000, 80000, 30),
(70, 27, 128, 286, 54000, 10, 0, 540000, 50000, 40000, 40),
(71, 28, 52, 158, 565000, 1, 0, 565000, 555000, 10000, 24),
(72, 28, 61, 176, 130000, 2, 0, 260000, 125000, 10000, 48),
(73, 28, 89, 232, 122000, 20, 0, 2440000, 120000, 40000, 80),
(74, 28, 91, 236, 128000, 20, 0, 2560000, 125000, 60000, 80),
(75, 28, 96, 246, 122000, 10, 0, 1220000, 120000, 20000, 85),
(76, 28, 92, 238, 128000, 10, 0, 1280000, 125000, 30000, 87),
(77, 29, 74, 202, 165000, 5, 0, 825000, 163000, 10000, 88),
(78, 29, 69, 192, 126000, 5, 0, 630000, 120000, 30000, 95),
(79, 30, 67, 188, 87000, 10, 0, 870000, 77000, 100000, 190),
(80, 30, 66, 186, 230000, 5, 0, 1150000, 220000, 50000, 45),
(81, 30, 69, 192, 126000, 5, 0, 630000, 120000, 30000, 90),
(82, 30, 65, 184, 230000, 5, 0, 1150000, 220000, 50000, 45),
(83, 30, 64, 182, 195000, 10, 0, 1950000, 191000, 40000, 90),
(84, 31, 72, 198, 122000, 5, 0, 610000, 120000, 10000, 90),
(85, 31, 75, 204, 128000, 2, 0, 256000, 125000, 6000, 83),
(86, 32, 56, 166, 158000, 3, 0, 474000, 154050, 11850, 97),
(87, 32, 67, 188, 87000, 6, 0, 522000, 77000, 60000, 184),
(88, 33, 58, 170, 228000, 1, 0, 228000, 222000, 6000, 29),
(89, 33, 72, 198, 122000, 4, 0, 488000, 120000, 8000, 86),
(90, 34, 51, 155, 770000, 1, 0, 770000, 750000, 20000, 9),
(91, 34, 96, 246, 122000, 5, 0, 610000, 120000, 10000, 80),
(92, 34, 95, 244, 114000, 5, 0, 570000, 108000, 30000, 93),
(93, 34, 94, 242, 128000, 5, 0, 640000, 125000, 15000, 95),
(94, 34, 93, 240, 128000, 5, 0, 640000, 125000, 15000, 95),
(95, 34, 90, 234, 215000, 5, 0, 1075000, 210000, 25000, 91),
(96, 34, 85, 224, 122000, 5, 0, 610000, 120000, 10000, 95),
(97, 34, 84, 222, 125000, 5, 0, 625000, 117000, 40000, 86),
(98, 34, 83, 220, 122000, 5, 0, 610000, 120000, 10000, 93),
(99, 35, 63, 180, 132000, 4, 0, 528000, 129360, 10560, 96),
(100, 35, 66, 186, 230000, 1, 0, 230000, 220000, 10000, 44),
(101, 35, 70, 194, 134000, 2, 0, 268000, 129360, 9280, 48),
(102, 36, 55, 164, 228000, 3, 0, 684000, 222300, 17100, 87),
(103, 36, 62, 178, 132000, 6, 0, 792000, 129360, 15840, 94),
(104, 37, 146, 306, 43000, 2, 0, 86000, 38800, 8400, 68),
(105, 37, 93, 240, 128000, 4, 0, 512000, 125000, 12000, 91),
(106, 38, 74, 202, 165000, 5, 0, 825000, 163000, 10000, 83),
(107, 38, 76, 206, 128000, 10, 0, 1280000, 125000, 30000, 86),
(108, 39, 72, 198, 122000, 4, 0, 488000, 120000, 8000, 82),
(109, 39, 83, 220, 122000, 3, 0, 366000, 120000, 6000, 90),
(110, 40, 76, 206, 128000, 4, 0, 512000, 125000, 12000, 82),
(111, 40, 108, 266, 113000, 5, 0, 565000, 112000, 5000, 175),
(112, 41, 56, 166, 158000, 5, 0, 790000, 154050, 19750, 92),
(113, 41, 69, 192, 126000, 5, 0, 630000, 120000, 30000, 85),
(114, 42, 63, 180, 132000, 5, 0, 660000, 129360, 13200, 91),
(115, 42, 68, 190, 127000, 4, 0, 508000, 87000, 160000, 196),
(116, 43, 64, 182, 195000, 3, 0, 585000, 191000, 12000, 87),
(117, 43, 68, 190, 127000, 2, 0, 254000, 87000, 80000, 194),
(118, 43, 82, 218, 128000, 5, 0, 640000, 125000, 15000, 90),
(119, 44, 55, 164, 228000, 2, 0, 456000, 222300, 11400, 85),
(120, 44, 58, 170, 228000, 2, 0, 456000, 222000, 12000, 27),
(121, 45, 72, 198, 122000, 3, 0, 366000, 120000, 6000, 79),
(122, 45, 83, 220, 122000, 5, 0, 610000, 120000, 10000, 85),
(123, 46, 67, 188, 87000, 4, 0, 348000, 77000, 40000, 180),
(124, 46, 74, 202, 165000, 3, 0, 495000, 163000, 6000, 80),
(125, 47, 64, 182, 195000, 2, 0, 390000, 191000, 8000, 85),
(126, 47, 76, 206, 128000, 2, 0, 256000, 125000, 6000, 80),
(127, 48, 72, 198, 122000, 5, 0, 610000, 120000, 10000, 74),
(128, 48, 71, 196, 128000, 5, 0, 640000, 125000, 15000, 89),
(129, 48, 73, 200, 122000, 5, 0, 610000, 120000, 10000, 90),
(130, 48, 84, 222, 125000, 5, 0, 625000, 117000, 40000, 81),
(131, 48, 91, 236, 128000, 5, 0, 640000, 125000, 15000, 75),
(132, 48, 83, 220, 122000, 5, 0, 610000, 120000, 10000, 80),
(133, 48, 87, 228, 128000, 5, 0, 640000, 125000, 15000, 90),
(134, 48, 96, 246, 122000, 5, 0, 610000, 120000, 10000, 75),
(135, 48, 143, 303, 27000, 1, 0, 27000, 23200, 3800, 99),
(136, 49, 55, 164, 228000, 4, 0, 912000, 222300, 22800, 81),
(137, 49, 67, 188, 87000, 3, 0, 261000, 77000, 30000, 177),
(138, 50, 114, 272, 113000, 10, 0, 1130000, 112000, 10000, 87),
(139, 50, 117, 275, 44000, 10, 0, 440000, 42500, 15000, 90),
(140, 50, 110, 268, 113000, 10, 0, 1130000, 112000, 10000, 140),
(141, 51, 62, 178, 132000, 4, 0, 528000, 129360, 10560, 90),
(142, 51, 75, 204, 128000, 3, 0, 384000, 125000, 9000, 80),
(143, 52, 72, 198, 122000, 4, 0, 488000, 120000, 8000, 70),
(144, 52, 81, 216, 128000, 5, 0, 640000, 125000, 15000, 85),
(145, 52, 90, 234, 215000, 3, 0, 645000, 210000, 15000, 88),
(146, 53, 123, 281, 90000, 2, 0, 180000, 87000, 6000, 98),
(147, 53, 127, 285, 58000, 3, 0, 174000, 52000, 18000, 47),
(148, 53, 129, 287, 58000, 5, 0, 290000, 52000, 30000, 45),
(149, 53, 133, 291, 54000, 3, 0, 162000, 50000, 12000, 47),
(150, 54, 74, 202, 165000, 5, 0, 825000, 163000, 10000, 75),
(151, 54, 77, 208, 122000, 2, 0, 244000, 120000, 4000, 75),
(152, 55, 72, 198, 122000, 5, 0, 610000, 120000, 10000, 65),
(153, 55, 83, 220, 122000, 4, 0, 488000, 120000, 8000, 76),
(154, 56, 104, 262, 138000, 10, 0, 1380000, 135000, 30000, 90),
(155, 56, 105, 263, 50000, 10, 0, 500000, 48000, 20000, 80),
(156, 56, 106, 264, 44000, 10, 0, 440000, 42500, 15000, 80),
(157, 56, 98, 250, 144000, 5, 0, 720000, 140000, 20000, 15),
(158, 56, 100, 254, 288000, 5, 0, 1440000, 280000, 40000, 15),
(159, 56, 123, 281, 90000, 5, 0, 450000, 87000, 15000, 93),
(160, 56, 122, 280, 95000, 5, 0, 475000, 93000, 10000, 95),
(161, 57, 62, 178, 132000, 5, 0, 660000, 129360, 13200, 85),
(162, 57, 63, 180, 132000, 5, 0, 660000, 129360, 13200, 86),
(163, 57, 64, 182, 195000, 3, 0, 585000, 191000, 12000, 82),
(164, 57, 69, 192, 126000, 2, 0, 252000, 120000, 12000, 83),
(165, 58, 76, 206, 128000, 4, 0, 512000, 125000, 12000, 76),
(166, 58, 72, 198, 122000, 5, 0, 610000, 120000, 10000, 60),
(167, 59, 51, 155, 770000, 1, 0, 770000, 750000, 20000, 8),
(168, 59, 53, 160, 1050000, 1, 0, 1050000, 970000, 80000, 4),
(169, 60, 56, 166, 158000, 2, 0, 316000, 154050, 7900, 90),
(170, 60, 76, 206, 128000, 4, 0, 512000, 125000, 12000, 72),
(171, 61, 75, 204, 128000, 4, 0, 512000, 125000, 12000, 76),
(172, 61, 69, 192, 126000, 3, 0, 378000, 120000, 18000, 80),
(173, 62, 63, 180, 132000, 1, 0, 132000, 129360, 2640, 85),
(174, 62, 68, 190, 127000, 1, 0, 127000, 87000, 40000, 193),
(175, 62, 62, 178, 132000, 1, 0, 132000, 129360, 2640, 84),
(176, 63, 68, 190, 127000, 3, 0, 381000, 87000, 120000, 190),
(177, 63, 71, 196, 128000, 4, 0, 512000, 125000, 12000, 85),
(178, 64, 56, 166, 158000, 2, 0, 316000, 154050, 7900, 88),
(179, 64, 74, 202, 165000, 4, 0, 660000, 163000, 8000, 71),
(180, 65, 107, 265, 113000, 20, 0, 2260000, 112000, 20000, 80),
(181, 65, 108, 266, 113000, 10, 0, 1130000, 112000, 10000, 165),
(182, 65, 110, 268, 113000, 10, 0, 1130000, 112000, 10000, 130),
(183, 65, 114, 272, 113000, 5, 0, 565000, 112000, 5000, 82),
(184, 66, 76, 206, 128000, 2, 0, 256000, 125000, 6000, 70),
(185, 66, 81, 216, 128000, 5, 0, 640000, 125000, 15000, 80),
(186, 67, 65, 184, 230000, 1, 0, 230000, 220000, 10000, 44),
(187, 67, 63, 180, 132000, 1, 0, 132000, 129360, 2640, 84),
(188, 67, 62, 178, 132000, 1, 0, 132000, 129360, 2640, 83),
(189, 68, 68, 190, 127000, 4, 0, 508000, 87000, 160000, 186),
(190, 68, 81, 216, 128000, 4, 0, 512000, 125000, 12000, 76),
(191, 69, 56, 166, 158000, 5, 0, 790000, 154050, 19750, 83),
(192, 69, 78, 210, 128000, 5, 0, 640000, 125000, 15000, 92),
(193, 69, 88, 230, 128000, 5, 0, 640000, 125000, 15000, 88),
(194, 70, 76, 206, 128000, 4, 0, 512000, 125000, 12000, 66),
(195, 70, 69, 192, 126000, 6, 0, 756000, 120000, 36000, 74),
(196, 71, 74, 202, 165000, 5, 0, 825000, 163000, 10000, 66),
(197, 71, 72, 198, 122000, 4, 0, 488000, 120000, 8000, 56),
(198, 72, 71, 196, 128000, 4, 0, 512000, 125000, 12000, 81),
(199, 72, 82, 218, 128000, 4, 0, 512000, 125000, 12000, 86),
(200, 73, 142, 302, 45000, 10, 0, 450000, 39300, 57000, 182),
(201, 73, 140, 298, 110000, 3, 0, 330000, 108000, 6000, 47),
(202, 73, 139, 297, 110000, 5, 0, 550000, 108000, 10000, 195),
(203, 73, 50, 152, 1560000, 1, 0, 1560000, 1440000, 120000, 3),
(204, 73, 51, 155, 770000, 1, 0, 770000, 750000, 20000, 7),
(205, 73, 101, 256, 290000, 5, 0, 1450000, 255000, 175000, 15),
(206, 74, 85, 224, 122000, 10, 0, 1220000, 120000, 20000, 85),
(207, 74, 86, 226, 128000, 10, 0, 1280000, 125000, 30000, 90),
(208, 75, 147, 308, 60000, 1, 0, 60000, 58000, 2000, 49),
(209, 75, 146, 306, 43000, 3, 0, 129000, 38800, 12600, 65),
(210, 75, 144, 304, 22000, 3, 0, 66000, 20100, 5700, 95),
(211, 76, 109, 267, 113000, 20, 0, 2260000, 112000, 20000, 80),
(212, 76, 112, 270, 118000, 10, 0, 1180000, 116000, 20000, 90),
(213, 76, 111, 269, 102000, 10, 0, 1020000, 100000, 20000, 140),
(214, 76, 117, 275, 44000, 10, 0, 440000, 42500, 15000, 80),
(215, 76, 116, 274, 50000, 10, 0, 500000, 48000, 20000, 90),
(216, 77, 72, 198, 122000, 5, 0, 610000, 120000, 10000, 51),
(217, 77, 83, 220, 122000, 4, 0, 488000, 120000, 8000, 72),
(218, 78, 58, 170, 228000, 2, 0, 456000, 222000, 12000, 25),
(219, 78, 59, 172, 228000, 2, 0, 456000, 222000, 12000, 28),
(220, 79, 73, 200, 122000, 5, 0, 610000, 120000, 10000, 85),
(221, 79, 78, 210, 128000, 5, 0, 640000, 125000, 15000, 87),
(222, 79, 133, 291, 54000, 2, 0, 108000, 50000, 8000, 45),
(223, 79, 134, 292, 113000, 5, 0, 565000, 110000, 15000, 45),
(224, 80, 58, 170, 228000, 2, 0, 456000, 222000, 12000, 23),
(225, 80, 90, 234, 215000, 5, 0, 1075000, 210000, 25000, 83),
(226, 80, 94, 242, 128000, 5, 0, 640000, 125000, 15000, 90),
(227, 81, 52, 158, 565000, 4, 0, 2260000, 555000, 40000, 20),
(228, 81, 68, 190, 127000, 5, 0, 635000, 87000, 200000, 181),
(229, 81, 67, 188, 87000, 5, 0, 435000, 77000, 50000, 172),
(230, 81, 81, 216, 128000, 6, 0, 768000, 125000, 18000, 70),
(231, 81, 83, 220, 122000, 5, 0, 610000, 120000, 10000, 67),
(232, 81, 88, 230, 128000, 8, 0, 1024000, 125000, 24000, 80),
(233, 82, 77, 208, 122000, 5, 0, 610000, 120000, 10000, 70),
(234, 82, 86, 226, 128000, 5, 0, 640000, 125000, 15000, 85),
(235, 83, 92, 238, 128000, 5, 0, 640000, 125000, 15000, 82),
(236, 83, 97, 248, 128000, 5, 0, 640000, 125000, 15000, 89),
(237, 83, 95, 244, 114000, 5, 0, 570000, 108000, 30000, 88),
(238, 84, 75, 204, 128000, 5, 0, 640000, 125000, 15000, 71),
(239, 84, 90, 234, 215000, 5, 0, 1075000, 210000, 25000, 78),
(240, 84, 96, 246, 122000, 5, 0, 610000, 120000, 10000, 70),
(241, 84, 108, 266, 113000, 5, 0, 565000, 112000, 5000, 160),
(242, 85, 70, 194, 134000, 10, 0, 1340000, 129360, 46400, 38),
(243, 85, 91, 236, 128000, 10, 0, 1280000, 125000, 30000, 65),
(244, 85, 93, 240, 128000, 10, 0, 1280000, 125000, 30000, 81),
(245, 85, 89, 232, 122000, 10, 0, 1220000, 120000, 20000, 70),
(246, 85, 87, 228, 128000, 5, 0, 640000, 125000, 15000, 85),
(247, 86, 71, 196, 128000, 20, 0, 2560000, 125000, 60000, 61),
(248, 86, 73, 200, 122000, 25, 0, 3050000, 120000, 50000, 60),
(249, 86, 76, 206, 128000, 25, 0, 3200000, 125000, 75000, 41),
(250, 86, 55, 164, 228000, 5, 0, 1140000, 222300, 28500, 76),
(251, 86, 57, 168, 290000, 5, 0, 1450000, 280000, 50000, 86),
(252, 87, 143, 303, 27000, 1, 0, 27000, 23200, 3800, 98),
(253, 88, 100, 254, 288000, 5, 0, 1440000, 280000, 40000, 10),
(254, 88, 103, 260, 78000, 20, 0, 1560000, 75000, 60000, 78),
(255, 88, 141, 300, 130000, 5, 0, 650000, 126750, 16250, 45),
(256, 89, 82, 218, 128000, 20, 0, 2560000, 125000, 60000, 66),
(257, 89, 83, 220, 122000, 10, 0, 1220000, 120000, 20000, 57),
(258, 89, 88, 230, 128000, 10, 0, 1280000, 125000, 30000, 70),
(259, 89, 89, 232, 122000, 10, 0, 1220000, 120000, 20000, 60),
(260, 90, 55, 164, 228000, 1, 0, 228000, 222300, 5700, 75),
(261, 90, 57, 168, 290000, 1, 0, 290000, 280000, 10000, 85),
(262, 90, 147, 308, 60000, 1, 0, 60000, 58000, 2000, 48),
(263, 91, 56, 166, 158000, 2, 0, 316000, 154050, 7900, 81),
(264, 91, 58, 170, 228000, 1, 0, 228000, 222000, 6000, 22),
(265, 91, 59, 172, 228000, 1, 0, 228000, 222000, 6000, 27),
(266, 92, 95, 244, 114000, 5, 0, 570000, 108000, 30000, 83),
(267, 93, 71, 196, 128000, 5, 0, 640000, 125000, 15000, 56),
(268, 93, 84, 222, 125000, 5, 0, 625000, 117000, 40000, 76),
(269, 93, 86, 226, 128000, 1, 0, 128000, 125000, 3000, 84),
(270, 94, 101, 256, 290000, 2, 0, 580000, 255000, 70000, 13),
(271, 94, 142, 302, 45000, 2, 0, 90000, 39300, 11400, 180),
(272, 94, 131, 289, 54000, 5, 0, 270000, 50000, 20000, 45),
(273, 94, 130, 288, 58000, 5, 0, 290000, 52000, 30000, 45),
(274, 94, 133, 291, 54000, 5, 0, 270000, 50000, 20000, 40),
(275, 94, 128, 286, 54000, 5, 0, 270000, 50000, 20000, 35),
(276, 94, 97, 248, 128000, 5, 0, 640000, 125000, 15000, 84),
(277, 94, 92, 238, 128000, 5, 0, 640000, 125000, 15000, 77),
(278, 94, 91, 236, 128000, 0, 0, 0, 125000, 0, 65),
(279, 94, 90, 234, 215000, 5, 0, 1075000, 210000, 25000, 73),
(280, 94, 89, 232, 122000, 5, 0, 610000, 120000, 10000, 55),
(281, 94, 78, 210, 128000, 5, 0, 640000, 125000, 15000, 82),
(282, 95, 73, 200, 122000, 5, 0, 610000, 120000, 10000, 55),
(283, 95, 75, 204, 128000, 3, 0, 384000, 125000, 9000, 68),
(284, 96, 70, 194, 134000, 3, 0, 402000, 129360, 13920, 35),
(285, 96, 77, 208, 122000, 4, 0, 488000, 120000, 8000, 66),
(286, 96, 76, 206, 128000, 1, 0, 128000, 125000, 3000, 40),
(287, 97, 63, 180, 132000, 4, 0, 528000, 129360, 10560, 80),
(288, 97, 80, 214, 128000, 5, 0, 640000, 125000, 15000, 87),
(289, 98, 84, 222, 125000, 2, 0, 250000, 117000, 16000, 74),
(290, 98, 85, 224, 122000, 5, 0, 610000, 120000, 10000, 80),
(291, 98, 90, 234, 215000, 5, 0, 1075000, 210000, 25000, 68),
(292, 99, 76, 206, 128000, 4, 0, 512000, 125000, 12000, 36),
(293, 99, 107, 265, 113000, 4, 0, 452000, 112000, 4000, 76),
(294, 100, 81, 216, 128000, 1, 0, 128000, 125000, 3000, 69),
(295, 100, 83, 220, 122000, 1, 0, 122000, 120000, 2000, 56),
(296, 100, 90, 234, 215000, 1, 0, 215000, 210000, 5000, 67),
(297, 100, 95, 244, 114000, 1, 0, 114000, 108000, 6000, 82),
(298, 101, 81, 216, 128000, 6, 0, 768000, 125000, 18000, 63),
(299, 101, 85, 224, 122000, 5, 0, 610000, 120000, 10000, 75),
(300, 102, 73, 200, 122000, 5, 0, 610000, 120000, 10000, 50),
(301, 102, 74, 202, 165000, 3, 0, 495000, 163000, 6000, 63),
(302, 102, 63, 180, 132000, 5, 0, 660000, 129360, 13200, 75),
(303, 103, 71, 196, 128000, 56, 0, 7168000, 125000, 168000, 0),
(304, 104, 85, 224, 122000, 5, 0, 610000, 120000, 10000, 70),
(305, 104, 91, 236, 128000, 5, 0, 640000, 125000, 15000, 60),
(306, 105, 73, 200, 122000, 4, 0, 488000, 120000, 8000, 46),
(307, 105, 109, 267, 113000, 5, 0, 565000, 112000, 5000, 75),
(308, 106, 77, 208, 122000, 4, 0, 488000, 120000, 8000, 62),
(309, 106, 75, 204, 128000, 4, 0, 512000, 125000, 12000, 64),
(310, 107, 76, 206, 128000, 4, 0, 512000, 125000, 12000, 32),
(311, 107, 75, 204, 128000, 4, 0, 512000, 125000, 12000, 60),
(312, 107, 74, 202, 165000, 4, 0, 660000, 163000, 8000, 59),
(313, 108, 72, 198, 122000, 4, 0, 488000, 120000, 8000, 47),
(314, 108, 81, 216, 128000, 4, 0, 512000, 125000, 12000, 59),
(315, 108, 85, 224, 122000, 5, 0, 610000, 120000, 10000, 65),
(316, 109, 62, 178, 132000, 3, 0, 396000, 129360, 7920, 80),
(317, 109, 74, 202, 165000, 4, 0, 660000, 163000, 8000, 55),
(318, 110, 115, 273, 110000, 5, 0, 550000, 108000, 10000, 195),
(319, 110, 95, 244, 114000, 5, 0, 570000, 108000, 30000, 77),
(320, 111, 74, 202, 165000, 5, 0, 825000, 163000, 10000, 50),
(321, 111, 64, 182, 195000, 4, 0, 780000, 191000, 16000, 78),
(322, 112, 61, 176, 130000, 4, 0, 520000, 125000, 20000, 44),
(323, 112, 82, 218, 128000, 6, 0, 768000, 125000, 18000, 60),
(324, 113, 105, 263, 50000, 2, 0, 100000, 48000, 4000, 78),
(325, 113, 108, 266, 113000, 2, 0, 226000, 112000, 2000, 158),
(326, 113, 111, 269, 102000, 2, 0, 204000, 100000, 4000, 138),
(327, 114, 73, 200, 122000, 4, 0, 488000, 120000, 8000, 42),
(328, 114, 75, 204, 128000, 5, 0, 640000, 125000, 15000, 55),
(329, 115, 74, 202, 165000, 5, 0, 825000, 163000, 10000, 45),
(330, 115, 76, 206, 128000, 4, 0, 512000, 125000, 12000, 28),
(331, 116, 52, 158, 565000, 5, 0, 2825000, 555000, 50000, 15),
(332, 116, 66, 186, 230000, 10, 0, 2300000, 220000, 100000, 34),
(333, 117, 55, 164, 228000, 25, 0, 5700000, 222300, 142500, 50),
(334, 118, 51, 155, 770000, 2, 0, 1540000, 750000, 40000, 5);

-- --------------------------------------------------------

--
-- Table structure for table `h_pengiriman`
--

CREATE TABLE `h_pengiriman` (
  `id` int(8) NOT NULL,
  `code` varchar(25) NOT NULL,
  `status` int(1) NOT NULL,
  `delivery_date` date DEFAULT NULL,
  `driver` varchar(255) NOT NULL
) ENGINE=InnoDB DEFAULT CHARSET=utf8mb4;

--
-- Dumping data for table `h_pengiriman`
--

INSERT INTO `h_pengiriman` (`id`, `code`, `status`, `delivery_date`, `driver`) VALUES
(1, 'DE1912230', 2, '2023-12-19', 'HADI');

-- --------------------------------------------------------

--
-- Table structure for table `h_purchase_order`
--

CREATE TABLE `h_purchase_order` (
  `id` int(8) NOT NULL,
  `id_supplier` int(8) NOT NULL,
  `created_date` date NOT NULL DEFAULT current_timestamp(),
  `finish_date` date NOT NULL DEFAULT current_timestamp(),
  `order_number` varchar(255) NOT NULL,
  `status` int(11) NOT NULL,
  `grand_total` int(8) NOT NULL DEFAULT 0,
  `due_date` date DEFAULT NULL,
  `payment_method` varchar(25) NOT NULL DEFAULT 'CASH',
  `lunas` int(1) NOT NULL DEFAULT 0,
  `tanggal_bayar` date DEFAULT NULL
) ENGINE=InnoDB DEFAULT CHARSET=utf8mb4;

--
-- Dumping data for table `h_purchase_order`
--

INSERT INTO `h_purchase_order` (`id`, `id_supplier`, `created_date`, `finish_date`, `order_number`, `status`, `grand_total`, `due_date`, `payment_method`, `lunas`, `tanggal_bayar`) VALUES
(2, 20, '2023-09-01', '2023-09-01', 'PO1812230', 2, 33425000, NULL, 'CASH', 1, NULL),
(3, 21, '2023-09-01', '2023-09-01', 'PO1812231', 2, 19980000, NULL, 'CASH', 1, NULL),
(4, 22, '2023-09-01', '2023-12-01', 'PO1812232', 2, 28000000, NULL, 'CASH', 1, NULL),
(5, 23, '2023-09-01', '2023-09-01', 'PO1812233', 2, 40000000, NULL, 'CASH', 1, NULL),
(6, 24, '2023-09-01', '2023-09-01', 'PO1812234', 2, 32800000, NULL, 'CASH', 1, NULL),
(7, 25, '2023-09-01', '2023-09-01', 'PO1812235', 2, 331300000, '2023-09-30', 'CREDIT', 1, '2023-09-30'),
(8, 26, '2023-09-01', '2023-09-18', 'PO1812236', 2, 44500000, '2023-09-30', 'CREDIT', 1, '2023-09-30'),
(9, 27, '2023-09-01', '2023-09-01', 'PO1812237', 2, 25500000, '2023-09-30', 'CREDIT', 1, '2023-09-30'),
(10, 28, '2023-09-01', '2023-09-02', 'PO1812238', 2, 313450000, '2023-09-30', 'CREDIT', 1, '2023-09-30'),
(11, 29, '2023-09-01', '2023-09-01', 'PO1812239', 2, 95412500, '2023-09-30', 'CREDIT', 1, '2023-09-30'),
(12, 30, '2023-09-01', '2023-09-02', 'PO18122310', 2, 23185000, '2023-09-30', 'CREDIT', 1, '2023-09-30'),
(13, 20, '2023-12-23', '2023-12-23', 'PO23122311', 0, 0, NULL, 'CASH', 0, NULL),
(14, 20, '2023-12-25', '2023-12-27', 'PO25122312', 2, 1375, '2024-01-01', 'CREDIT', 0, NULL);

-- --------------------------------------------------------

--
-- Table structure for table `h_transaction`
--

CREATE TABLE `h_transaction` (
  `id` int(8) NOT NULL,
  `order_number` varchar(255) NOT NULL,
  `created_date` timestamp NOT NULL DEFAULT current_timestamp(),
  `finish_date` date DEFAULT NULL,
  `delivery_date` date DEFAULT NULL,
  `id_customer` int(8) NOT NULL,
  `id_cashier` int(8) NOT NULL,
  `total_diskon` int(55) NOT NULL DEFAULT 0,
  `diskon_poin` int(25) NOT NULL DEFAULT 0,
  `grand_total` int(15) DEFAULT NULL,
  `status` int(1) NOT NULL DEFAULT 0 COMMENT '0 = draft, 1 = finish, 2= belum lunas, 3= = belum dikirim, 4= siap dikirim, 5= sedang dikirim',
  `payment_method` varchar(255) NOT NULL DEFAULT 'CASH',
  `due_date` date DEFAULT NULL,
  `transaction_type` varchar(255) NOT NULL DEFAULT 'OFFLINE',
  `id_h_pengiriman` int(8) DEFAULT NULL,
  `netto` int(11) NOT NULL DEFAULT 0
) ENGINE=InnoDB DEFAULT CHARSET=utf8mb4;

--
-- Dumping data for table `h_transaction`
--

INSERT INTO `h_transaction` (`id`, `order_number`, `created_date`, `finish_date`, `delivery_date`, `id_customer`, `id_cashier`, `total_diskon`, `diskon_poin`, `grand_total`, `status`, `payment_method`, `due_date`, `transaction_type`, `id_h_pengiriman`, `netto`) VALUES
(1, 'TR1812230', '2023-12-18 15:59:00', NULL, NULL, 10, 1, 0, 0, 1115000, 1, 'CASH', NULL, 'OFFLINE', NULL, 15000),
(2, 'TR1812231', '2023-12-18 16:19:00', NULL, NULL, 11, 1, 0, 0, 565000, 1, 'CASH', NULL, 'OFFLINE', NULL, 5000),
(3, 'TR1812232', '2023-09-01 08:02:00', NULL, NULL, 12, 1, 0, 0, 179000, 1, 'CASH', NULL, 'OFFLINE', NULL, 20900),
(4, 'TR1912233', '2023-09-01 08:14:00', NULL, NULL, 13, 1, 0, 0, 250000, 1, 'CASH', NULL, 'OFFLINE', NULL, 5000),
(6, 'TR1912235', '2023-09-01 10:33:00', '2023-12-19', NULL, 15, 1, 0, 0, 925000, 1, 'CREDIT', '2023-09-07', 'OFFLINE', NULL, 25000),
(7, 'TR1912236', '2023-09-01 11:14:00', NULL, NULL, 16, 2, 0, 0, 896000, 1, 'CASH', NULL, 'OFFLINE', NULL, 21000),
(8, 'TR1912237', '2023-09-01 00:30:00', NULL, NULL, 10, 2, 0, 0, 736000, 1, 'CASH', NULL, 'OFFLINE', NULL, 26000),
(9, 'TR1912238', '2023-09-01 01:08:00', NULL, NULL, 17, 2, 0, 0, 2105000, 1, 'CASH', NULL, 'OFFLINE', NULL, 70000),
(10, 'TR1912239', '2023-09-01 02:33:00', NULL, NULL, 18, 2, 0, 0, 1140000, 1, 'CASH', NULL, 'OFFLINE', NULL, 28500),
(11, 'TR19122310', '2023-09-01 04:42:00', NULL, NULL, 10, 2, 0, 0, 1036000, 1, 'CASH', NULL, 'OFFLINE', NULL, 31400),
(12, 'TR19122311', '2023-09-01 18:11:00', NULL, NULL, 19, 2, 0, 0, 7630000, 1, 'CASH', NULL, 'OFFLINE', NULL, 125000),
(13, 'TR19122312', '2023-09-02 08:15:00', NULL, NULL, 20, 2, 0, 0, 2110000, 1, 'CASH', NULL, 'OFFLINE', NULL, 51000),
(14, 'TR19122313', '2023-09-02 09:22:00', NULL, NULL, 10, 2, 0, 0, 1094000, 1, 'CASH', NULL, 'OFFLINE', NULL, 28000),
(15, 'TR19122314', '2023-09-19 10:52:00', NULL, NULL, 11, 2, 0, 0, 878000, 1, 'CASH', NULL, 'OFFLINE', NULL, 18000),
(16, 'TR19122315', '2023-09-02 10:30:00', NULL, NULL, 12, 2, 0, 0, 1268000, 1, 'CASH', NULL, 'OFFLINE', NULL, 28000),
(17, 'TR19122316', '2023-09-02 11:08:00', NULL, NULL, 11, 2, 0, 0, 640000, 1, 'CASH', NULL, 'OFFLINE', NULL, 15000),
(18, 'TR19122317', '2023-09-02 00:08:00', NULL, NULL, 12, 2, 0, 0, 1465000, 1, 'CASH', NULL, 'OFFLINE', NULL, 25000),
(19, 'TR19122318', '2023-09-02 01:12:00', NULL, NULL, 13, 2, 0, 0, 1408000, 1, 'CASH', NULL, 'OFFLINE', NULL, 33000),
(20, 'TR19122319', '2023-09-02 02:20:00', NULL, NULL, 21, 2, 0, 0, 610000, 1, 'CASH', NULL, 'OFFLINE', NULL, 10000),
(21, 'TR19122320', '2023-09-02 03:25:00', NULL, NULL, 14, 2, 0, 0, 1994000, 1, 'CASH', NULL, 'OFFLINE', NULL, 39000),
(22, 'TR19122320', '2023-09-02 03:32:00', NULL, NULL, 13, 2, 0, 0, 625000, 1, 'CASH', NULL, 'OFFLINE', NULL, 40000),
(23, 'TR19122321', '2023-09-02 17:20:00', NULL, NULL, 29, 2, 0, 0, 1836000, 1, 'CASH', NULL, 'OFFLINE', NULL, 74900),
(24, 'TR19122322', '2023-09-01 17:50:00', NULL, NULL, 28, 2, 0, 0, 1750000, 1, 'CASH', NULL, 'OFFLINE', NULL, 51000),
(25, 'TR19122323', '2023-09-01 15:48:00', NULL, NULL, 24, 2, 0, 0, 6435000, 3, 'CREDIT', '2023-12-22', 'DELIVERY', NULL, 205000),
(26, 'TR19122324', '2023-09-03 09:35:00', NULL, NULL, 28, 2, 0, 0, 979000, 1, 'CASH', NULL, 'OFFLINE', NULL, 18000),
(27, 'TR19122325', '2023-09-02 16:23:00', NULL, NULL, 15, 2, 0, 0, 9040000, 3, 'CREDIT', '2023-09-07', 'DELIVERY', NULL, 500000),
(28, 'TR19122326', '2023-09-03 12:30:00', NULL, NULL, 22, 2, 0, 0, 8325000, 3, 'CREDIT', '2023-12-04', 'DELIVERY', NULL, 170000),
(29, 'TR19122327', '2023-09-03 22:30:00', NULL, NULL, 23, 2, 0, 0, 1455000, 1, 'CASH', NULL, 'OFFLINE', NULL, 40000),
(30, 'TR19122328', '2023-09-04 14:36:00', NULL, NULL, 27, 2, 0, 0, 5750000, 3, 'CREDIT', '2023-09-04', 'DELIVERY', NULL, 270000),
(31, 'TR19122329', '2023-09-03 10:30:00', NULL, NULL, 20, 2, 0, 0, 866000, 1, 'CASH', NULL, 'OFFLINE', NULL, 16000),
(32, 'TR19122330', '2023-09-03 09:30:00', NULL, NULL, 16, 2, 0, 0, 996000, 1, 'CASH', NULL, 'OFFLINE', NULL, 71850),
(33, 'TR19122331', '2023-09-03 11:30:00', NULL, NULL, 17, 2, 0, 0, 716000, 1, 'CASH', NULL, 'OFFLINE', NULL, 14000),
(34, 'TR19122332', '2023-09-05 16:41:00', NULL, NULL, 10, 2, 0, 0, 6150000, 3, 'CREDIT', '2023-09-12', 'DELIVERY', NULL, 175000),
(35, 'TR19122333', '2023-09-03 10:30:00', NULL, NULL, 22, 2, 0, 0, 1026000, 1, 'CASH', NULL, 'OFFLINE', NULL, 29840),
(36, 'TR19122334', '2023-09-03 09:00:00', NULL, NULL, 13, 2, 0, 0, 1476000, 1, 'CASH', NULL, 'OFFLINE', NULL, 32940),
(37, 'TR19122335', '2023-09-04 12:00:00', NULL, NULL, 18, 2, 0, 0, 598000, 1, 'CASH', NULL, 'OFFLINE', NULL, 20400),
(38, 'TR19122336', '2023-09-05 11:57:00', NULL, NULL, 10, 2, 0, 0, 2105000, 1, 'CASH', NULL, 'OFFLINE', NULL, 40000),
(39, 'TR19122337', '2023-09-04 10:00:00', NULL, NULL, 14, 2, 0, 0, 854000, 1, 'CASH', NULL, 'OFFLINE', NULL, 14000),
(40, 'TR19122338', '2023-09-06 10:30:00', NULL, NULL, 18, 2, 0, 0, 1077000, 1, 'CASH', NULL, 'OFFLINE', NULL, 17000),
(41, 'TR19122339', '2023-12-05 17:03:00', NULL, NULL, 16, 2, 0, 0, 1420000, 1, 'CASH', NULL, 'OFFLINE', NULL, 49750),
(42, 'TR19122340', '2023-09-06 11:30:00', NULL, NULL, 17, 2, 0, 0, 1168000, 1, 'CASH', NULL, 'OFFLINE', NULL, 173200),
(43, 'TR19122341', '2023-09-05 18:05:00', NULL, NULL, 14, 2, 0, 0, 1479000, 1, 'CASH', NULL, 'OFFLINE', NULL, 107000),
(44, 'TR19122342', '2023-09-06 10:20:00', NULL, NULL, 12, 2, 0, 0, 912000, 1, 'CASH', NULL, 'OFFLINE', NULL, 23400),
(45, 'TR19122343', '2023-09-08 13:00:00', NULL, NULL, 14, 2, 0, 0, 976000, 1, 'CASH', NULL, 'OFFLINE', NULL, 16000),
(46, 'TR19122344', '2023-09-08 14:30:00', NULL, NULL, 16, 2, 0, 0, 843000, 1, 'CASH', NULL, 'OFFLINE', NULL, 46000),
(47, 'TR19122345', '2023-09-08 18:00:00', NULL, NULL, 21, 2, 0, 0, 646000, 1, 'CASH', NULL, 'OFFLINE', NULL, 14000),
(48, 'TR19122346', '2023-09-07 09:08:00', NULL, NULL, 28, 2, 0, 0, 5012000, 3, 'CREDIT', '2023-12-14', 'DELIVERY', NULL, 128800),
(49, 'TR19122347', '2023-09-08 16:30:00', NULL, NULL, 18, 2, 0, 0, 1173000, 1, 'CASH', NULL, 'OFFLINE', NULL, 52800),
(50, 'TR19122348', '2023-09-07 11:17:00', NULL, NULL, 29, 2, 0, 0, 2700000, 1, 'CASH', NULL, 'OFFLINE', NULL, 35000),
(51, 'TR19122349', '2023-09-10 17:15:00', NULL, NULL, 18, 2, 0, 0, 912000, 1, 'CASH', NULL, 'OFFLINE', NULL, 19560),
(52, 'TR19122350', '2023-09-10 17:20:00', NULL, NULL, 14, 2, 0, 0, 1773000, 1, 'CASH', NULL, 'OFFLINE', NULL, 38000),
(53, 'TR19122351', '2023-09-07 14:18:00', NULL, NULL, 12, 2, 0, 0, 806000, 1, 'CASH', NULL, 'OFFLINE', NULL, 66000),
(54, 'TR19122352', '2023-09-10 15:20:00', NULL, NULL, 16, 2, 0, 0, 1069000, 1, 'CASH', NULL, 'OFFLINE', NULL, 14000),
(55, 'TR19122353', '2023-09-12 10:22:00', NULL, NULL, 21, 2, 0, 0, 1098000, 1, 'CASH', NULL, 'OFFLINE', NULL, 18000),
(56, 'TR19122354', '2023-09-09 11:20:00', NULL, NULL, 19, 2, 0, 0, 5405000, 3, 'CREDIT', '2023-09-16', 'DELIVERY', NULL, 150000),
(57, 'TR19122355', '2023-09-09 14:26:00', NULL, NULL, 26, 2, 0, 0, 2157000, 1, 'CASH', NULL, 'OFFLINE', NULL, 50400),
(58, 'TR19122356', '2023-09-12 17:30:00', NULL, NULL, 19, 2, 0, 0, 1122000, 1, 'CASH', NULL, 'OFFLINE', NULL, 22000),
(59, 'TR19122357', '2023-09-09 15:29:00', NULL, NULL, 25, 2, 0, 0, 1820000, 1, 'CASH', NULL, 'OFFLINE', NULL, 100000),
(60, 'TR19122358', '2023-09-12 14:30:00', NULL, NULL, 17, 2, 0, 0, 828000, 1, 'CASH', NULL, 'OFFLINE', NULL, 19900),
(61, 'TR19122359', '2023-09-14 18:30:00', NULL, NULL, 18, 2, 0, 0, 890000, 1, 'CASH', NULL, 'OFFLINE', NULL, 30000),
(62, 'TR19122360', '2023-09-09 18:33:00', NULL, NULL, 29, 2, 0, 0, 391000, 1, 'CASH', NULL, 'OFFLINE', NULL, 45280),
(63, 'TR19122361', '2023-09-16 17:30:00', NULL, NULL, 21, 2, 0, 0, 893000, 1, 'CASH', NULL, 'OFFLINE', NULL, 132000),
(64, 'TR19122362', '2023-09-14 16:37:00', NULL, NULL, 16, 2, 0, 0, 976000, 1, 'CASH', NULL, 'OFFLINE', NULL, 15900),
(65, 'TR19122363', '2023-09-11 10:36:00', NULL, NULL, 15, 2, 0, 0, 5085000, 3, 'CREDIT', '2023-09-17', 'DELIVERY', NULL, 45000),
(66, 'TR19122364', '2023-09-14 17:40:00', NULL, NULL, 18, 2, 0, 0, 896000, 1, 'CASH', NULL, 'OFFLINE', NULL, 21000),
(67, 'TR19122365', '2023-09-11 15:44:00', NULL, NULL, 22, 2, 0, 0, 494000, 1, 'CASH', NULL, 'OFFLINE', NULL, 15280),
(68, 'TR19122366', '2023-09-14 17:30:00', NULL, NULL, 21, 2, 0, 0, 1020000, 1, 'CASH', NULL, 'OFFLINE', NULL, 172000),
(69, 'TR19122367', '2023-09-11 16:42:00', NULL, NULL, 10, 2, 0, 0, 2070000, 1, 'CASH', NULL, 'OFFLINE', NULL, 49750),
(70, 'TR19122368', '2023-09-16 17:30:00', NULL, NULL, 16, 2, 0, 0, 1268000, 1, 'CASH', NULL, 'OFFLINE', NULL, 48000),
(71, 'TR19122369', '2023-09-16 18:30:00', NULL, NULL, 14, 2, 0, 0, 1313000, 1, 'CASH', NULL, 'OFFLINE', NULL, 18000),
(72, 'TR19122370', '2023-09-16 16:30:00', NULL, NULL, 17, 2, 0, 0, 1024000, 1, 'CASH', NULL, 'OFFLINE', NULL, 24000),
(73, 'TR19122371', '2023-09-13 08:07:00', NULL, NULL, 24, 2, 0, 0, 5110000, 3, 'CREDIT', '2023-09-20', 'DELIVERY', NULL, 388000),
(74, 'TR19122372', '2023-12-13 15:48:00', NULL, NULL, 26, 2, 0, 0, 2500000, 1, 'CASH', NULL, 'OFFLINE', NULL, 50000),
(75, 'TR19122373', '2023-12-13 17:58:00', NULL, NULL, 12, 2, 0, 0, 255000, 1, 'CASH', NULL, 'OFFLINE', NULL, 20300),
(76, 'TR19122374', '2023-09-15 08:07:00', NULL, NULL, 28, 2, 0, 0, 5400000, 3, 'CREDIT', '2023-09-21', 'DELIVERY', NULL, 95000),
(77, 'TR19122375', '2023-09-16 17:30:00', NULL, NULL, 18, 2, 0, 0, 1098000, 1, 'CASH', NULL, 'OFFLINE', NULL, 18000),
(78, 'TR19122376', '2023-09-15 09:13:00', NULL, NULL, 18, 2, 0, 0, 912000, 1, 'CASH', NULL, 'OFFLINE', NULL, 24000),
(79, 'TR19122377', '2023-09-15 08:16:00', NULL, NULL, 20, 1, 0, 0, 1923000, 1, 'CASH', NULL, 'OFFLINE', NULL, 48000),
(80, 'TR19122378', '2023-12-15 00:33:00', NULL, NULL, 27, 1, 0, 0, 2171000, 1, 'CASH', NULL, 'OFFLINE', NULL, 52000),
(81, 'TR19122379', '2023-12-17 09:35:00', NULL, NULL, 28, 1, 0, 0, 5732000, 3, 'CREDIT', '2023-09-23', 'DELIVERY', NULL, 342000),
(82, 'TR19122380', '2023-09-17 11:05:00', NULL, NULL, 29, 1, 0, 0, 1250000, 1, 'CASH', NULL, 'OFFLINE', NULL, 25000),
(83, 'TR19122381', '2023-09-17 16:53:00', NULL, NULL, 10, 1, 0, 0, 1850000, 1, 'CASH', NULL, 'OFFLINE', NULL, 60000),
(84, 'TR19122382', '2023-09-19 20:21:00', NULL, NULL, 11, 1, 0, 0, 2890000, 1, 'CASH', NULL, 'OFFLINE', NULL, 55000),
(85, 'TR19122383', '2023-09-19 00:10:00', NULL, NULL, 25, 1, 0, 0, 5760000, 3, 'CREDIT', '2023-12-25', 'DELIVERY', NULL, 141400),
(86, 'TR19122384', '2023-12-21 08:01:00', NULL, NULL, 13, 1, 0, 0, 11400000, 3, 'CREDIT', '2023-09-28', 'DELIVERY', NULL, 263500),
(87, 'TR19122385', '2023-09-21 09:07:00', NULL, NULL, 20, 1, 0, 0, 27000, 1, 'CASH', NULL, 'OFFLINE', NULL, 3800),
(88, 'TR19122386', '2023-12-21 16:07:00', NULL, NULL, 15, 1, 0, 0, 3650000, 1, 'CASH', NULL, 'OFFLINE', NULL, 116250),
(89, 'TR19122387', '2023-09-23 11:16:00', NULL, NULL, 20, 1, 0, 0, 6280000, 3, 'CASH', NULL, 'DELIVERY', NULL, 130000),
(90, 'TR19122388', '2023-09-23 04:23:00', NULL, NULL, 11, 1, 0, 0, 578000, 1, 'CASH', NULL, 'OFFLINE', NULL, 17700),
(91, 'TR19122389', '2023-12-23 17:20:00', NULL, NULL, 26, 1, 0, 0, 772000, 1, 'CASH', NULL, 'OFFLINE', NULL, 19900),
(92, 'TR19122390', '2023-12-25 08:33:00', NULL, NULL, 10, 1, 0, 0, 570000, 1, 'CASH', NULL, 'OFFLINE', NULL, 30000),
(93, 'TR19122391', '2023-09-25 10:39:00', NULL, NULL, 22, 1, 0, 0, 1393000, 1, 'CASH', NULL, 'OFFLINE', NULL, 58000),
(94, 'TR19122392', '2023-12-25 17:48:00', NULL, NULL, 12, 1, 0, 0, 5375000, 2, 'CREDIT', '2023-12-31', 'OFFLINE', NULL, 251400),
(95, 'TR19122393', '2023-09-18 18:30:00', NULL, NULL, 16, 2, 0, 0, 994000, 1, 'CASH', NULL, 'OFFLINE', NULL, 19000),
(96, 'TR19122394', '2023-09-18 19:45:00', NULL, NULL, 25, 2, 0, 0, 1018000, 1, 'CASH', NULL, 'OFFLINE', NULL, 24920),
(97, 'TR19122395', '2023-09-18 18:40:00', NULL, NULL, 14, 2, 0, 0, 1168000, 1, 'CASH', NULL, 'OFFLINE', NULL, 25560),
(98, 'TR19122396', '2023-12-27 18:45:00', NULL, NULL, 29, 1, 0, 0, 1935000, 1, 'CASH', NULL, 'OFFLINE', NULL, 51000),
(99, 'TR19122397', '2023-09-18 14:30:00', NULL, NULL, 17, 2, 0, 0, 964000, 1, 'CASH', NULL, 'OFFLINE', NULL, 16000),
(100, 'TR19122398', '2023-12-29 16:55:00', NULL, NULL, 27, 1, 0, 0, 579000, 1, 'CASH', NULL, 'OFFLINE', NULL, 16000),
(101, 'TR19122399', '2023-09-20 18:54:00', NULL, NULL, 12, 2, 0, 0, 1378000, 1, 'CASH', NULL, 'OFFLINE', NULL, 28000),
(102, 'TR191223100', '2023-10-02 14:00:00', NULL, NULL, 16, 2, 0, 0, 1765000, 1, 'CASH', NULL, 'OFFLINE', NULL, 29200),
(103, 'TR191223101', '2023-10-01 08:20:00', NULL, NULL, 21, 2, 0, 0, 7168000, 3, 'CREDIT', '2023-10-07', 'DELIVERY', NULL, 168000),
(104, 'TR191223102', '2023-10-02 12:25:00', NULL, NULL, 21, 2, 0, 0, 1250000, 1, 'CASH', NULL, 'OFFLINE', NULL, 25000),
(105, 'TR191223103', '2023-10-02 12:03:00', NULL, NULL, 13, 2, 0, 0, 1053000, 1, 'CASH', NULL, 'OFFLINE', NULL, 13000),
(106, 'TR191223104', '2023-10-02 14:03:00', NULL, NULL, 14, 2, 0, 0, 1000000, 1, 'CASH', NULL, 'OFFLINE', NULL, 20000),
(107, 'TR191223105', '2023-10-04 15:07:00', NULL, NULL, 15, 2, 0, 0, 1684000, 1, 'CASH', NULL, 'OFFLINE', NULL, 32000),
(108, 'TR191223106', '2023-10-04 14:08:00', NULL, NULL, 21, 2, 0, 0, 1610000, 1, 'CASH', NULL, 'OFFLINE', NULL, 30000),
(109, 'TR191223107', '2023-10-04 15:09:00', NULL, NULL, 18, 2, 0, 0, 1056000, 1, 'CASH', NULL, 'OFFLINE', NULL, 15920),
(110, 'TR191223108', '2023-10-06 13:10:00', NULL, NULL, 19, 2, 0, 0, 1120000, 1, 'CASH', NULL, 'OFFLINE', NULL, 40000),
(111, 'TR191223109', '2023-10-06 15:11:00', NULL, NULL, 25, 2, 0, 0, 1605000, 1, 'CASH', NULL, 'OFFLINE', NULL, 26000),
(112, 'TR191223110', '2023-10-08 10:11:00', NULL, NULL, 14, 2, 0, 0, 1288000, 1, 'CASH', NULL, 'OFFLINE', NULL, 38000),
(113, 'TR191223111', '2023-10-01 00:27:00', NULL, NULL, 26, 1, 0, 0, 530000, 1, 'CASH', NULL, 'OFFLINE', NULL, 10000),
(114, 'TR191223112', '2023-10-08 15:35:00', NULL, NULL, 20, 2, 0, 0, 1128000, 1, 'CASH', NULL, 'OFFLINE', NULL, 23000),
(115, 'TR191223113', '2023-10-08 09:15:00', NULL, NULL, 10, 2, 0, 0, 1337000, 1, 'CASH', NULL, 'OFFLINE', NULL, 22000),
(116, 'TR191223114', '2023-12-19 15:27:00', NULL, '2023-12-19', 10, 1, 0, 0, 5125000, 6, 'CREDIT', '2023-12-26', 'DELIVERY', 1, 150000),
(117, 'TR191223115', '2023-12-19 15:28:00', '2023-12-19', '2023-12-19', 30, 1, 0, 0, 5700000, 1, 'CREDIT', '2023-12-26', 'DELIVERY', 1, 142500),
(118, 'TR231223116', '2023-12-23 14:26:00', NULL, NULL, 10, 1, 0, 0, 1540000, 1, 'CASH', NULL, 'OFFLINE', NULL, 40000);

-- --------------------------------------------------------

--
-- Table structure for table `inventory`
--

CREATE TABLE `inventory` (
  `id` int(8) NOT NULL,
  `code` varchar(255) NOT NULL,
  `name` varchar(255) NOT NULL,
  `id_category` int(8) NOT NULL
) ENGINE=InnoDB DEFAULT CHARSET=utf8mb4;

--
-- Dumping data for table `inventory`
--

INSERT INTO `inventory` (`id`, `code`, `name`, `id_category`) VALUES
(50, 'B0001', 'ALKALINE A2', 3),
(51, 'B0002', 'BATTERY ABC BESAR', 3),
(52, 'B0003', 'BATTERY ABC KECIL A2', 3),
(53, 'B0004', 'BATTERY ABC REMOT A3', 3),
(54, 'B0005', 'ARROW CREAM CRACKERS 360GR', 4),
(55, 'B0006', 'BENG BENG 25GR', 4),
(56, 'B0007', 'CHOKI CHOKI 10GR', 4),
(57, 'B0008', 'CRISPY 250GR', 4),
(58, 'B0009', 'UBM CREAM CRACKERS', 4),
(59, 'B0010', 'UBM SQUARE PUFF', 4),
(60, 'B0011', 'BABOL BSR 350GR', 6),
(61, 'B0012', 'BABOL KCL 140GR', 6),
(62, 'B0013', 'KISS BARLEY 125GR', 6),
(63, 'B0014', 'KISS CHERRY 125GR', 6),
(64, 'B0015', 'KOPIKO BKS 175GR', 6),
(65, 'B0016', 'MENTOS BUAH 135GR', 6),
(66, 'B0017', 'MENTOS MINTZ 135GR', 6),
(67, 'B0018', 'MILKITA HANGER 6X36', 6),
(68, 'B0019', 'MILKITA REFILL 6X50', 6),
(69, 'B0020', 'RELAXA', 6),
(70, 'B0021', 'TAMARIN 135GR', 6),
(71, 'B0022', 'YUPI AQUARIUM', 6),
(72, 'B0023', 'YUPI BABY BEARS', 6),
(73, 'B0024', 'YUPI BERRY BONZE', 6),
(74, 'B0025', 'YUPI BKS LOVE STRAWBERRY', 6),
(75, 'B0026', 'YUPI BLACKBERRY', 6),
(76, 'B0027', 'YUPI BURGER', 6),
(77, 'B0028', 'YUPI CHOCOGLEE', 6),
(78, 'B0029', 'YUPI DINO LAND', 6),
(79, 'B0030', 'YUPI FRUIT TAIL', 6),
(80, 'B0031', 'YUPI FRUITY COLA', 6),
(81, 'B0032', 'YUPI GUMMY PIZZA', 6),
(82, 'B0033', 'YUPI HAPPY BEAR', 6),
(83, 'B0034', 'YUPI ICE CREAM CONE', 6),
(84, 'B0035', 'YUPI JUST FOR FUN', 6),
(85, 'B0036', 'YUPI LITTLE STARS', 6),
(86, 'B0037', 'YUPI LOVE BURGER', 6),
(87, 'B0038', 'YUPI LYCHE', 6),
(88, 'B0039', 'YUPI MANDARIN', 6),
(89, 'B0040', 'YUPI MANGO', 6),
(90, 'B0041', 'YUPI MARSHMALLOW', 6),
(91, 'B0042', 'YUPI MILLY MOS', 6),
(92, 'B0043', 'YUPI SEA WORLD', 6),
(93, 'B0044', 'YUPI STRAWBERRY', 6),
(94, 'B0045', 'YUPI SWEAT HEART', 6),
(95, 'B0046', 'YUPI TOPLES', 6),
(96, 'B0047', 'YUPI WOTA MELON', 6),
(97, 'B0048', 'YUPI ZUGI ZAGI ZUGI', 6),
(98, 'B0049', 'KECAP ASIN ABC BOTOL 625ML', 8),
(99, 'B0050', 'KECAP MANIS ABC BOTOL 275ML', 8),
(100, 'B0051', 'KECAP MANIS ABC BOTOL 600ML', 8),
(101, 'B0052', 'KECAP MANIS ABC MEJA 135ML', 8),
(102, 'B0053', 'KECAP MANIS ABC REFIL 520ML', 8),
(103, 'B0054', 'KECAP MANIS ABC REFIL E.2000 SCHT', 8),
(104, 'B0055', 'ABC MOCCA SCHT 27GR', 9),
(105, 'B0056', 'EKO MIE GORENG', 12),
(106, 'B0057', 'EKO MIE KALDU', 12),
(107, 'B0058', 'INDOMIE ACEH', 12),
(108, 'B0059', 'INDOMIE GORENG', 12),
(109, 'B0060', 'INDOMIE GORENG AYAM GEPREK', 12),
(110, 'B0061', 'INDOMIE GORENG PEDAS', 12),
(111, 'B0062', 'INDOMIE KALDU', 12),
(112, 'B0063', 'INDOMIE KARI AYAM', 12),
(113, 'B0064', 'INDOMIE RENDANG', 12),
(114, 'B0065', 'INDOMIE SAMBAL RICA - RICA', 12),
(115, 'B0066', 'INDOMIE SOTO', 12),
(116, 'B0067', 'INTERMIE GORENG', 12),
(117, 'B0068', 'INTERMIE KALDU', 12),
(118, 'B0069', 'POP MIE  AYAM', 12),
(119, 'B0070', 'POP MIE BASO', 12),
(120, 'B0071', 'POP MIE SOTO AYAM', 12),
(121, 'B0072', 'SARIMI ISI 2 AYAM KECAP', 12),
(122, 'B0073', 'SARIMI ISI 2 AYAM KREMES', 12),
(123, 'B0074', 'SARIMI ISI 2 SOTO', 12),
(124, 'B0075', 'SEDAP AYAM KRISPI', 12),
(125, 'B0076', 'SEDAP CUP AYAM BAWANG TELUR 77GR', 12),
(126, 'B0077', 'SEDAP CUP BAKSO BLEDUK 77GR', 12),
(127, 'B0078', 'SEDAP CUP GORENG 77GR', 12),
(128, 'B0079', 'SEDAP CUP KARI 81GR', 12),
(129, 'B0080', 'SEDAP CUP KOREA GORENG 81GR', 12),
(130, 'B0081', 'SEDAP CUP KOREA KUAH', 12),
(131, 'B0082', 'SEDAP CUP PEDAS BINGIT', 12),
(132, 'B0083', 'SEDAP CUP RAWIT BINGIT 77GR', 12),
(133, 'B0084', 'SEDAP CUP SOTO', 12),
(134, 'B0085', 'SEDAP GORENG', 12),
(135, 'B0086', 'SEDAP KARI SPESIAL 76GR', 12),
(136, 'B0087', 'SEDAP KOREA GORENG 87GR', 12),
(137, 'B0088', 'SEDAP KOREA SINGAPORE', 12),
(138, 'B0089', 'SEDAP SALERO PADANG', 12),
(139, 'B0090', 'SEDAP SOTO 75GR', 12),
(140, 'B0091', 'SEDAP SOTO MADURA', 12),
(141, 'B0092', 'BENG BENG DRINK 30GR', 2),
(142, 'B0093', 'CLEO 1500ML', 2),
(143, 'B0094', 'CLEO 220ML', 2),
(144, 'B0095', 'CLEO 250ML', 2),
(145, 'B0096', 'CLEO 330ML TUTUP RUNCING', 2),
(146, 'B0097', 'CLEO 550ML', 2),
(147, 'B0098', 'CLEO 6L', 2),
(148, 'B0099', 'CLUB 1500ML', 2),
(149, 'B0100', 'CLUB 220ML', 2),
(150, 'B0317', 'CLUB 330ML', 2),
(151, 'B0102', 'TEST', 1),
(152, 'B0103', 'TEST', 1),
(153, 'B0104', 'ts', 1);

-- --------------------------------------------------------

--
-- Table structure for table `log_terima_barang`
--

CREATE TABLE `log_terima_barang` (
  `id` int(11) NOT NULL,
  `id_inventory` int(11) NOT NULL,
  `id_h_purchase_order` int(11) NOT NULL,
  `id_unit` int(11) NOT NULL,
  `pengiriman_ke` int(11) NOT NULL,
  `qty` int(11) NOT NULL,
  `created_date` timestamp NOT NULL DEFAULT current_timestamp(),
  `exp_date` date NOT NULL DEFAULT current_timestamp(),
  `keterangan` varchar(255) DEFAULT NULL,
  `stok_akhir` int(11) NOT NULL DEFAULT 0
) ENGINE=InnoDB DEFAULT CHARSET=utf8mb4;

--
-- Dumping data for table `log_terima_barang`
--

INSERT INTO `log_terima_barang` (`id`, `id_inventory`, `id_h_purchase_order`, `id_unit`, `pengiriman_ke`, `qty`, `created_date`, `exp_date`, `keterangan`, `stok_akhir`) VALUES
(1, 50, 2, 152, 1, 5, '2023-12-18 03:12:10', '2025-10-14', '', 5),
(2, 51, 2, 155, 1, 10, '2023-12-18 03:12:10', '2025-06-10', '', 10),
(3, 52, 2, 158, 1, 25, '2023-12-18 03:12:10', '2025-08-20', '', 25),
(4, 53, 2, 160, 1, 5, '2023-12-18 03:12:10', '2025-03-02', '', 5),
(5, 54, 3, 162, 1, 30, '2023-12-18 03:28:39', '2024-09-03', '', 30),
(6, 58, 3, 170, 1, 30, '2023-12-18 03:28:39', '2024-09-03', '', 30),
(7, 59, 3, 172, 1, 30, '2023-12-18 03:28:39', '2024-09-03', '', 30),
(8, 57, 4, 168, 1, 100, '2023-12-18 03:50:23', '2024-06-17', '', 100),
(9, 60, 5, 174, 1, 50, '2023-12-18 04:05:46', '2024-08-22', '', 50),
(10, 61, 5, 176, 1, 50, '2023-12-18 04:05:46', '2024-08-22', '', 50),
(11, 65, 5, 184, 1, 50, '2023-12-18 04:05:46', '2024-08-22', '', 50),
(12, 66, 5, 186, 1, 50, '2023-12-18 04:05:46', '2024-08-22', '', 50),
(13, 67, 6, 188, 1, 200, '2023-12-18 04:19:38', '2024-02-01', '', 200),
(14, 68, 6, 190, 1, 200, '2023-12-18 04:19:38', '2024-02-01', '', 200),
(15, 71, 7, 196, 1, 100, '2023-12-18 05:58:23', '2023-12-21', '', 100),
(16, 72, 7, 198, 1, 100, '2023-12-18 05:58:23', '2023-12-21', '', 100),
(17, 73, 7, 200, 1, 100, '2023-12-18 05:58:23', '2023-12-21', '', 100),
(18, 74, 7, 202, 1, 100, '2023-12-18 05:58:23', '2023-12-21', '', 100),
(19, 75, 7, 204, 1, 100, '2023-12-18 05:58:23', '2023-12-21', '', 100),
(20, 76, 7, 206, 1, 100, '2023-12-18 05:58:23', '2023-12-21', '', 100),
(21, 77, 7, 208, 1, 100, '2023-12-18 05:58:23', '2023-12-21', '', 100),
(22, 78, 7, 210, 1, 100, '2023-12-18 05:58:23', '2023-12-21', '', 100),
(23, 80, 7, 214, 1, 100, '2023-12-18 05:58:23', '2023-12-21', '', 100),
(24, 81, 7, 216, 1, 100, '2023-12-18 05:58:23', '2023-12-21', '', 100),
(25, 82, 7, 218, 1, 100, '2023-12-18 05:58:23', '2023-12-21', '', 100),
(26, 83, 7, 220, 1, 100, '2023-12-18 05:58:23', '2023-12-21', '', 100),
(27, 84, 7, 222, 1, 100, '2023-12-18 05:58:23', '2023-12-21', '', 100),
(28, 85, 7, 224, 1, 100, '2023-12-18 05:58:23', '2023-12-21', '', 100),
(29, 86, 7, 226, 1, 100, '2023-12-18 05:58:23', '2023-12-21', '', 100),
(30, 87, 7, 228, 1, 100, '2023-12-18 05:58:23', '2023-12-21', '', 100),
(31, 88, 7, 230, 1, 100, '2023-12-18 05:58:23', '2023-12-21', '', 100),
(32, 89, 7, 232, 1, 100, '2023-12-18 05:58:23', '2023-12-21', '', 100),
(33, 90, 7, 234, 1, 100, '2023-12-18 05:58:23', '2023-12-21', '', 100),
(34, 91, 7, 236, 1, 100, '2023-12-18 05:58:23', '2023-12-21', '', 100),
(35, 92, 7, 238, 1, 100, '2023-12-18 05:58:23', '2023-12-21', '', 100),
(36, 93, 7, 240, 1, 100, '2023-12-18 05:58:23', '2023-12-21', '', 100),
(37, 94, 7, 242, 1, 100, '2023-12-18 05:58:23', '2023-12-21', '', 100),
(38, 95, 7, 244, 1, 100, '2023-12-18 05:58:23', '2023-12-21', '', 100),
(39, 96, 7, 246, 1, 100, '2023-12-18 05:58:23', '2023-12-21', '', 100),
(40, 97, 7, 248, 1, 100, '2023-12-18 05:58:23', '2023-12-21', '', 100),
(41, 98, 8, 250, 1, 20, '2023-12-18 06:07:16', '2023-12-23', '', 20),
(42, 99, 8, 252, 1, 20, '2023-12-18 06:07:16', '2023-12-23', '', 20),
(43, 100, 8, 254, 1, 20, '2023-12-18 06:07:16', '2023-12-23', '', 20),
(44, 101, 8, 256, 1, 20, '2023-12-18 06:07:16', '2023-12-23', '', 20),
(45, 102, 8, 258, 1, 100, '2023-12-18 06:07:16', '2023-12-23', '', 100),
(46, 103, 8, 260, 1, 100, '2023-12-18 06:07:16', '2023-12-23', '', 100),
(47, 69, 9, 192, 1, 100, '2023-12-18 06:34:38', '2023-12-25', '', 100),
(48, 104, 9, 262, 1, 100, '2023-12-18 06:34:38', '2023-12-25', '', 100),
(49, 105, 10, 263, 1, 100, '2023-12-18 07:36:56', '2024-03-22', '', 100),
(50, 106, 10, 264, 1, 100, '2023-12-18 07:36:56', '2024-03-22', '', 100),
(51, 107, 10, 265, 1, 100, '2023-12-18 07:36:56', '2024-03-22', '', 100),
(52, 108, 10, 266, 1, 250, '2023-12-18 07:36:56', '2024-03-22', '', 250),
(53, 109, 10, 267, 1, 100, '2023-12-18 07:36:56', '2024-03-22', '', 100),
(54, 110, 10, 268, 1, 150, '2023-12-18 07:36:56', '2024-03-22', '', 150),
(55, 111, 10, 269, 1, 150, '2023-12-18 07:36:56', '2024-03-22', '', 150),
(56, 112, 10, 270, 1, 100, '2023-12-18 07:36:56', '2024-03-22', '', 100),
(57, 113, 10, 271, 1, 100, '2023-12-18 07:36:56', '2024-03-22', '', 100),
(58, 114, 10, 272, 1, 100, '2023-12-18 07:36:56', '2024-03-22', '', 100),
(59, 115, 10, 273, 1, 250, '2023-12-18 07:36:56', '2024-03-22', '', 250),
(60, 116, 10, 274, 1, 100, '2023-12-18 07:36:56', '2024-03-22', '', 100),
(61, 117, 10, 275, 1, 100, '2023-12-18 07:36:56', '2024-03-22', '', 100),
(62, 118, 10, 276, 1, 100, '2023-12-18 07:36:56', '2024-03-22', '', 100),
(63, 119, 10, 277, 1, 100, '2023-12-18 07:36:56', '2024-03-22', '', 100),
(64, 120, 10, 278, 1, 100, '2023-12-18 07:36:56', '2024-03-22', '', 100),
(65, 121, 10, 279, 1, 100, '2023-12-18 07:36:56', '2024-03-22', '', 100),
(66, 122, 10, 280, 1, 100, '2023-12-18 07:36:56', '2024-03-22', '', 100),
(67, 123, 10, 281, 1, 100, '2023-12-18 07:36:56', '2024-03-22', '', 100),
(68, 124, 10, 282, 1, 100, '2023-12-18 07:36:56', '2024-03-22', '', 100),
(69, 125, 10, 283, 1, 50, '2023-12-18 07:36:56', '2024-03-22', '', 50),
(70, 126, 10, 284, 1, 50, '2023-12-18 07:36:56', '2024-03-22', '', 50),
(71, 127, 10, 285, 1, 50, '2023-12-18 07:36:56', '2024-03-22', '', 50),
(72, 128, 10, 286, 1, 50, '2023-12-18 07:36:56', '2024-03-22', '', 50),
(73, 129, 10, 287, 1, 50, '2023-12-18 07:36:56', '2024-03-22', '', 50),
(74, 130, 10, 288, 1, 50, '2023-12-18 07:36:56', '2024-03-22', '', 50),
(75, 131, 10, 289, 1, 50, '2023-12-18 07:36:56', '2024-03-22', '', 50),
(76, 132, 10, 290, 1, 50, '2023-12-18 07:36:56', '2024-03-22', '', 50),
(77, 133, 10, 291, 1, 50, '2023-12-18 07:36:56', '2024-03-22', '', 50),
(78, 134, 10, 292, 1, 50, '2023-12-18 07:36:56', '2024-03-22', '', 50),
(79, 135, 10, 293, 1, 50, '2023-12-18 07:36:56', '2024-03-22', '', 50),
(80, 136, 10, 294, 1, 100, '2023-12-18 07:36:56', '2024-03-22', '', 100),
(81, 137, 10, 295, 1, 50, '2023-12-18 07:36:56', '2024-03-22', '', 50),
(82, 138, 10, 296, 1, 50, '2023-12-18 07:36:56', '2024-03-22', '', 50),
(83, 139, 10, 297, 1, 200, '2023-12-18 07:36:56', '2024-03-22', '', 200),
(84, 140, 10, 298, 1, 50, '2023-12-18 07:36:56', '2024-03-22', '', 50),
(85, 55, 11, 164, 1, 100, '2023-12-18 08:17:45', '2024-02-17', '', 100),
(86, 56, 11, 166, 1, 100, '2023-12-18 08:17:46', '2024-02-17', '', 100),
(87, 62, 11, 178, 1, 100, '2023-12-18 08:17:46', '2024-01-17', '', 100),
(88, 63, 11, 180, 1, 100, '2023-12-18 08:17:46', '2024-02-17', '', 100),
(89, 64, 11, 182, 1, 100, '2023-12-18 08:17:46', '2024-02-17', '', 100),
(90, 70, 11, 194, 1, 50, '2023-12-18 08:17:46', '2024-02-17', '', 50),
(91, 141, 11, 300, 1, 50, '2023-12-18 08:17:46', '2024-02-17', '', 50),
(92, 142, 12, 302, 1, 200, '2023-12-18 08:40:03', '2024-12-17', '', 200),
(93, 143, 12, 303, 1, 100, '2023-12-18 08:40:03', '2024-12-17', '', 100),
(94, 144, 12, 304, 2, 100, '2023-12-18 08:41:25', '2024-12-17', '', 100),
(95, 145, 12, 305, 2, 100, '2023-12-18 08:41:25', '2024-12-17', '', 100),
(96, 146, 12, 306, 2, 100, '2023-12-18 08:41:25', '2024-12-17', '', 100),
(97, 147, 12, 308, 2, 50, '2023-12-18 08:41:25', '2024-12-17', '', 50),
(98, 50, 14, 150, 1, 5, '2023-12-27 09:00:25', '2024-12-26', '', 5),
(99, 51, 14, 153, 1, 5, '2023-12-27 09:00:25', '2024-12-26', '', 5),
(100, 52, 14, 156, 1, 5, '2023-12-27 09:00:25', '2024-12-26', '', 5),
(101, 53, 14, 159, 1, 5, '2023-12-27 09:00:25', '2024-12-26', '', 5),
(102, 54, 14, 161, 1, 5, '2023-12-27 09:00:25', '2024-12-26', '', 5),
(103, 59, 14, 171, 1, 5, '2023-12-27 09:00:25', '2024-12-26', '', 5),
(104, 67, 14, 187, 1, 5, '2023-12-27 09:00:25', '2024-12-26', '', 5),
(105, 68, 14, 190, 1, 5, '2023-12-27 09:00:25', '2024-12-26', '', 186),
(106, 50, 14, 151, 1, 5, '2023-12-27 09:00:25', '2024-12-26', '', 5),
(107, 50, 14, 152, 1, 5, '2023-12-27 09:00:25', '2024-12-26', '', 3),
(108, 51, 14, 154, 1, 5, '2023-12-27 09:00:25', '2024-12-26', '', 5),
(109, 51, 14, 155, 1, 5, '2023-12-27 09:00:25', '2024-12-26', '', 5),
(110, 52, 14, 157, 1, 5, '2023-12-27 09:00:25', '2024-12-26', '', 5),
(111, 52, 14, 158, 1, 5, '2023-12-27 09:00:25', '2024-12-26', '', 20),
(112, 53, 14, 160, 1, 5, '2023-12-27 09:00:25', '2024-12-26', '', 9);

-- --------------------------------------------------------

--
-- Table structure for table `permission`
--

CREATE TABLE `permission` (
  `id` int(8) NOT NULL,
  `description` text NOT NULL
) ENGINE=InnoDB DEFAULT CHARSET=utf8mb4;

--
-- Dumping data for table `permission`
--

INSERT INTO `permission` (`id`, `description`) VALUES
(1, 'MASTER_USER'),
(2, 'MASTER_CUSTOMER'),
(3, 'MASTER_SUPPLIER'),
(4, 'MASTER_INVENTORY'),
(5, 'MASTER_CATEGORY'),
(6, 'TRANSACTION'),
(7, 'MASTER_ROLE'),
(8, 'PURCHASE_ORDER'),
(9, 'MASTER_DISKON'),
(10, 'DASHBOARD'),
(12, 'MASTER_SETTING'),
(13, 'PENGIRIMAN'),
(14, 'STOK_OPNAME'),
(15, 'LAPORAN_BARANG'),
(16, 'LAPORAN_PENJUALAN'),
(17, 'LAPORAN_PEMBELIAN'),
(18, 'PENYESUAIAN_STOK'),
(21, 'MASTER_RETUR_PO'),
(22, 'MASTER_RETUR_TRANSAKSI'),
(25, 'NOTIF');

-- --------------------------------------------------------

--
-- Table structure for table `permission_role`
--

CREATE TABLE `permission_role` (
  `id` int(8) NOT NULL,
  `id_role` int(8) NOT NULL,
  `id_permission` int(8) NOT NULL
) ENGINE=InnoDB DEFAULT CHARSET=utf8mb4;

--
-- Dumping data for table `permission_role`
--

INSERT INTO `permission_role` (`id`, `id_role`, `id_permission`) VALUES
(64, 2, 2),
(65, 2, 4),
(66, 2, 5),
(67, 2, 6),
(68, 2, 10),
(69, 7, 4),
(70, 7, 5),
(71, 7, 10),
(204, 1, 1),
(205, 1, 2),
(206, 1, 3),
(207, 1, 4),
(208, 1, 5),
(209, 1, 6),
(210, 1, 7),
(211, 1, 8),
(212, 1, 9),
(213, 1, 10),
(214, 1, 12),
(215, 1, 13),
(216, 1, 14),
(217, 1, 15),
(218, 1, 16),
(219, 1, 17),
(220, 1, 18),
(221, 1, 21),
(222, 1, 22),
(223, 1, 25);

-- --------------------------------------------------------

--
-- Table structure for table `product_supplier`
--

CREATE TABLE `product_supplier` (
  `id` int(8) NOT NULL,
  `id_supplier` int(8) NOT NULL,
  `id_product` int(8) NOT NULL
) ENGINE=InnoDB DEFAULT CHARSET=utf8mb4;

--
-- Dumping data for table `product_supplier`
--

INSERT INTO `product_supplier` (`id`, `id_supplier`, `id_product`) VALUES
(30, 20, 50),
(31, 20, 51),
(32, 20, 52),
(33, 20, 53),
(34, 21, 54),
(35, 29, 55),
(36, 29, 56),
(37, 22, 57),
(38, 21, 58),
(39, 21, 59),
(40, 23, 60),
(41, 23, 61),
(42, 29, 62),
(43, 29, 63),
(44, 29, 64),
(45, 23, 65),
(46, 23, 66),
(47, 24, 67),
(48, 24, 68),
(49, 27, 69),
(50, 29, 70),
(51, 25, 71),
(52, 25, 72),
(53, 25, 73),
(54, 25, 74),
(55, 25, 75),
(56, 25, 76),
(57, 25, 77),
(58, 25, 78),
(59, 25, 79),
(60, 25, 80),
(61, 25, 81),
(62, 25, 82),
(63, 25, 83),
(64, 25, 84),
(65, 25, 85),
(66, 25, 86),
(67, 25, 87),
(68, 25, 88),
(69, 25, 89),
(70, 25, 90),
(71, 25, 91),
(72, 25, 92),
(73, 25, 93),
(74, 25, 94),
(75, 25, 95),
(76, 25, 96),
(77, 25, 97),
(78, 26, 98),
(79, 26, 99),
(80, 26, 100),
(81, 26, 101),
(82, 26, 102),
(83, 26, 103),
(84, 27, 104),
(85, 28, 105),
(86, 28, 106),
(87, 28, 107),
(88, 28, 108),
(89, 28, 109),
(90, 28, 110),
(91, 28, 111),
(92, 28, 112),
(93, 28, 113),
(94, 28, 114),
(95, 28, 115),
(96, 28, 116),
(97, 28, 117),
(98, 28, 118),
(99, 28, 119),
(100, 28, 120),
(101, 28, 121),
(102, 28, 122),
(103, 28, 123),
(104, 28, 124),
(105, 28, 125),
(106, 28, 126),
(107, 28, 127),
(108, 28, 128),
(109, 28, 129),
(110, 28, 130),
(111, 28, 131),
(112, 28, 132),
(113, 28, 133),
(114, 28, 134),
(115, 28, 135),
(116, 28, 136),
(117, 28, 137),
(118, 28, 138),
(119, 28, 139),
(120, 28, 140),
(121, 29, 141),
(122, 30, 142),
(123, 30, 143),
(124, 30, 144),
(125, 30, 145),
(126, 30, 146),
(127, 30, 147),
(128, 31, 148),
(129, 31, 149),
(130, 33, 50);

-- --------------------------------------------------------

--
-- Table structure for table `retur_po`
--

CREATE TABLE `retur_po` (
  `id` int(11) NOT NULL,
  `id_d_purchase_order` int(11) NOT NULL,
  `id_h_purchase_order` int(11) NOT NULL,
  `qty` int(11) NOT NULL,
  `status` int(11) NOT NULL DEFAULT 0,
  `created_date` date NOT NULL DEFAULT current_timestamp(),
  `note` varchar(255) NOT NULL
) ENGINE=InnoDB DEFAULT CHARSET=utf8mb4;

--
-- Dumping data for table `retur_po`
--

INSERT INTO `retur_po` (`id`, `id_d_purchase_order`, `id_h_purchase_order`, `qty`, `status`, `created_date`, `note`) VALUES
(3, 9, 2, 5, 1, '2023-12-25', '5'),
(4, 10, 2, 5, 2, '2023-12-25', '5');

-- --------------------------------------------------------

--
-- Table structure for table `retur_transaction`
--

CREATE TABLE `retur_transaction` (
  `id` int(11) NOT NULL,
  `id_h_transaction` int(11) NOT NULL,
  `id_d_transaction` int(11) NOT NULL,
  `qty` int(11) NOT NULL,
  `status` int(11) NOT NULL DEFAULT 0,
  `created_date` date NOT NULL DEFAULT current_timestamp(),
  `note` varchar(255) NOT NULL
) ENGINE=InnoDB DEFAULT CHARSET=utf8mb4;

--
-- Dumping data for table `retur_transaction`
--

INSERT INTO `retur_transaction` (`id`, `id_h_transaction`, `id_d_transaction`, `qty`, `status`, `created_date`, `note`) VALUES
(2, 1, 1, 5, 1, '2023-12-27', '5'),
(3, 1, 2, 5, 2, '2023-12-27', '5');

-- --------------------------------------------------------

--
-- Table structure for table `role`
--

CREATE TABLE `role` (
  `id` int(8) NOT NULL,
  `name` varchar(255) NOT NULL
) ENGINE=InnoDB DEFAULT CHARSET=utf8mb4;

--
-- Dumping data for table `role`
--

INSERT INTO `role` (`id`, `name`) VALUES
(1, 'ADMIN'),
(2, 'CASHIER'),
(7, 'GUDANG');

-- --------------------------------------------------------

--
-- Table structure for table `setting`
--

CREATE TABLE `setting` (
  `id` int(11) NOT NULL,
  `name` varchar(255) NOT NULL,
  `value` int(25) NOT NULL
) ENGINE=InnoDB DEFAULT CHARSET=utf8mb4;

--
-- Dumping data for table `setting`
--

INSERT INTO `setting` (`id`, `name`, `value`) VALUES
(1, 'MINIMAL_BELANJA_CASHBACK_POINT', 100000),
(2, 'NILAI_CASHBACK_POIN_RUPIAH', 100),
(3, 'MARGIN_PRICE_GENERAL_BRONZE', -500),
(4, 'MARGIN_PRICE_GENERAL_SILVER', -1000),
(5, 'MARGIN_PRICE_GENERAL_GOLD', -2000);

-- --------------------------------------------------------

--
-- Table structure for table `stok_opname`
--

CREATE TABLE `stok_opname` (
  `id` int(8) NOT NULL,
  `id_unit` int(8) NOT NULL,
  `stok` int(11) NOT NULL,
  `stok_gudang` int(11) NOT NULL,
  `selisih` int(11) NOT NULL,
  `id_user` int(11) NOT NULL,
  `status` int(11) NOT NULL,
  `created_date` timestamp NOT NULL DEFAULT current_timestamp(),
  `notes` text DEFAULT NULL,
  `stok_akhir` int(11) NOT NULL DEFAULT 0
) ENGINE=InnoDB DEFAULT CHARSET=utf8mb4;

-- --------------------------------------------------------

--
-- Table structure for table `supplier`
--

CREATE TABLE `supplier` (
  `id` int(8) NOT NULL,
  `name` varchar(255) NOT NULL,
  `code` varchar(10) NOT NULL,
  `phone` varchar(255) NOT NULL,
  `address` varchar(255) NOT NULL
) ENGINE=InnoDB DEFAULT CHARSET=utf8mb4;

--
-- Dumping data for table `supplier`
--

INSERT INTO `supplier` (`id`, `name`, `code`, `phone`, `address`) VALUES
(20, 'SUPPLIER BATTERY', 'S0001', '81223456789', 'JL. DR WAHIDIN SUDIROHUSODO NO. 280-282, MAKASSAR'),
(21, 'SUPPLIER UNITED WARU BISCUIT', 'S0002', '81334567890', 'JL. GALANGAN KAPAL NO. 22, MAKASSAR?'),
(22, 'SUPPLIER NISSIN', 'S0003', '81445678901', 'JL. TEUKU UMAR NO. 294-296, MAKASSAR'),
(23, 'SUPPLIER PERFETTI', 'S0004', '81556789012', 'JL. RANGGONG NO.8I, MAKASSAR'),
(24, 'SUPPLIER UNIFARM', 'S0005', '81778901234', 'JL. KIMA RAYA II/5, MELAYU, MAKASSAR'),
(25, 'SUPPLIER YUPI', 'S0006', '81889012345', 'JL. KIMA, NO. 10, KAV. B/2-B, MAKASSAR'),
(26, 'SUPPLIER KECAP ABC', 'S0007', '81990123456', 'JL. CENDRAWASIH NO. 186, MAKASSAR'),
(27, 'SUPPLIER TORABIKA JAYA ABADI', 'S0008', '82001234567', 'JL. KIMA RAYA I NO.22, MAKASSAR'),
(28, 'SUPPLIER WINGS FOOD', 'S0009', '82112345678', 'JL. CAKALANG NO.16 A, MAKASSAR'),
(29, 'SUPPLIER MAYORA', 'S0010', '82223456789', 'JL. PONGTIKU NO.129, MAKASSAR'),
(30, 'SUPPLIER CLEO', 'S0011', '82445678901', 'JL. URIP SUMOHARJO NO. 87, MAKASSAR'),
(31, 'SUPPLIER CLUB', 'S0012', '89400999677', 'JL. POROS BARRU NO. 224, MAKASSAR'),
(33, 'SUPPLIER 22', 'S0013', '1231241', '23412');

-- --------------------------------------------------------

--
-- Table structure for table `tier_pricing`
--

CREATE TABLE `tier_pricing` (
  `id` int(8) NOT NULL,
  `id_inventory` int(8) NOT NULL,
  `id_unit` int(8) NOT NULL,
  `tier_customer` varchar(255) NOT NULL,
  `sell_price` int(11) NOT NULL
) ENGINE=InnoDB DEFAULT CHARSET=utf8mb4;

--
-- Dumping data for table `tier_pricing`
--

INSERT INTO `tier_pricing` (`id`, `id_inventory`, `id_unit`, `tier_customer`, `sell_price`) VALUES
(600, 50, 150, 'general', 12500),
(601, 50, 150, 'bronze', 12500),
(602, 50, 150, 'silver', 12500),
(603, 50, 150, 'gold', 12500),
(604, 50, 151, 'general', 265000),
(605, 50, 151, 'bronze', 265000),
(606, 50, 151, 'silver', 265000),
(607, 50, 151, 'gold', 265000),
(608, 50, 152, 'general', 1560000),
(609, 50, 152, 'bronze', 1560000),
(610, 50, 152, 'silver', 1560000),
(611, 50, 152, 'gold', 1560000),
(612, 51, 153, 'general', 12500),
(613, 51, 153, 'bronze', 12500),
(614, 51, 153, 'silver', 12500),
(615, 51, 153, 'gold', 12500),
(616, 51, 154, 'general', 130000),
(617, 51, 154, 'bronze', 130000),
(618, 51, 154, 'silver', 130000),
(619, 51, 154, 'gold', 130000),
(620, 51, 155, 'general', 770000),
(621, 51, 155, 'bronze', 770000),
(622, 51, 155, 'silver', 770000),
(623, 51, 155, 'gold', 770000),
(624, 52, 156, 'general', 8500),
(625, 52, 156, 'bronze', 8500),
(626, 52, 156, 'silver', 8500),
(627, 52, 156, 'gold', 8500),
(628, 52, 157, 'general', 48000),
(629, 52, 157, 'bronze', 48000),
(630, 52, 157, 'silver', 48000),
(631, 52, 157, 'gold', 48000),
(632, 52, 158, 'general', 565000),
(633, 52, 158, 'bronze', 565000),
(634, 52, 158, 'silver', 565000),
(635, 52, 158, 'gold', 565000),
(636, 53, 159, 'general', 22000),
(637, 53, 159, 'bronze', 22000),
(638, 53, 159, 'silver', 22000),
(639, 53, 159, 'gold', 22000),
(640, 53, 160, 'general', 1050000),
(641, 53, 160, 'bronze', 1050000),
(642, 53, 160, 'silver', 1050000),
(643, 53, 160, 'gold', 1050000),
(644, 54, 161, 'general', 9500),
(645, 54, 161, 'bronze', 9500),
(646, 54, 161, 'silver', 9500),
(647, 54, 161, 'gold', 9500),
(648, 54, 162, 'general', 228000),
(649, 54, 162, 'bronze', 228000),
(650, 54, 162, 'silver', 228000),
(651, 54, 162, 'gold', 228000),
(652, 55, 163, 'general', 29000),
(653, 55, 163, 'bronze', 29000),
(654, 55, 163, 'silver', 29000),
(655, 55, 163, 'gold', 29000),
(656, 55, 164, 'general', 228000),
(657, 55, 164, 'bronze', 228000),
(658, 55, 164, 'silver', 228000),
(659, 55, 164, 'gold', 228000),
(660, 56, 165, 'general', 18000),
(661, 56, 165, 'bronze', 18000),
(662, 56, 165, 'silver', 18000),
(663, 56, 165, 'gold', 18000),
(664, 56, 166, 'general', 158000),
(665, 56, 166, 'bronze', 158000),
(666, 56, 166, 'silver', 158000),
(667, 56, 166, 'gold', 158000),
(668, 57, 167, 'general', 10000),
(669, 57, 167, 'bronze', 10000),
(670, 57, 167, 'silver', 10000),
(671, 57, 167, 'gold', 10000),
(672, 57, 168, 'general', 290000),
(673, 57, 168, 'bronze', 290000),
(674, 57, 168, 'silver', 290000),
(675, 57, 168, 'gold', 290000),
(676, 58, 169, 'general', 9500),
(677, 58, 169, 'bronze', 9500),
(678, 58, 169, 'silver', 9500),
(679, 58, 169, 'gold', 9500),
(680, 58, 170, 'general', 228000),
(681, 58, 170, 'bronze', 228000),
(682, 58, 170, 'silver', 228000),
(683, 58, 170, 'gold', 228000),
(684, 59, 171, 'general', 9500),
(685, 59, 171, 'bronze', 9500),
(686, 59, 171, 'silver', 9500),
(687, 59, 171, 'gold', 9500),
(688, 59, 172, 'general', 228000),
(689, 59, 172, 'bronze', 228000),
(690, 59, 172, 'silver', 228000),
(691, 59, 172, 'gold', 228000),
(692, 60, 173, 'general', 21000),
(693, 60, 173, 'bronze', 21000),
(694, 60, 173, 'silver', 21000),
(695, 60, 173, 'gold', 21000),
(696, 60, 174, 'general', 240000),
(697, 60, 174, 'bronze', 240000),
(698, 60, 174, 'silver', 240000),
(699, 60, 174, 'gold', 240000),
(700, 61, 175, 'general', 8500),
(701, 61, 175, 'bronze', 8500),
(702, 61, 175, 'silver', 8500),
(703, 61, 175, 'gold', 8500),
(704, 61, 176, 'general', 130000),
(705, 61, 176, 'bronze', 130000),
(706, 61, 176, 'silver', 130000),
(707, 61, 176, 'gold', 130000),
(708, 62, 177, 'general', 6000),
(709, 62, 177, 'bronze', 6000),
(710, 62, 177, 'silver', 6000),
(711, 62, 177, 'gold', 6000),
(712, 62, 178, 'general', 132000),
(713, 62, 178, 'bronze', 132000),
(714, 62, 178, 'silver', 132000),
(715, 62, 178, 'gold', 132000),
(716, 63, 179, 'general', 6000),
(717, 63, 179, 'bronze', 6000),
(718, 63, 179, 'silver', 6000),
(719, 63, 179, 'gold', 6000),
(720, 63, 180, 'general', 132000),
(721, 63, 180, 'bronze', 132000),
(722, 63, 180, 'silver', 132000),
(723, 63, 180, 'gold', 132000),
(724, 64, 181, 'general', 8500),
(725, 64, 181, 'bronze', 8500),
(726, 64, 181, 'silver', 8500),
(727, 64, 181, 'gold', 8500),
(728, 64, 182, 'general', 195000),
(729, 64, 182, 'bronze', 195000),
(730, 64, 182, 'silver', 195000),
(731, 64, 182, 'gold', 195000),
(732, 65, 183, 'general', 6000),
(733, 65, 183, 'bronze', 6000),
(734, 65, 183, 'silver', 6000),
(735, 65, 183, 'gold', 6000),
(736, 65, 184, 'general', 230000),
(737, 65, 184, 'bronze', 230000),
(738, 65, 184, 'silver', 230000),
(739, 65, 184, 'gold', 230000),
(740, 66, 185, 'general', 6000),
(741, 66, 185, 'bronze', 6000),
(742, 66, 185, 'silver', 6000),
(743, 66, 185, 'gold', 6000),
(744, 66, 186, 'general', 230000),
(745, 66, 186, 'bronze', 230000),
(746, 66, 186, 'silver', 230000),
(747, 66, 186, 'gold', 230000),
(756, 68, 189, 'general', 22000),
(757, 68, 189, 'bronze', 22000),
(758, 68, 189, 'silver', 22000),
(759, 68, 189, 'gold', 22000),
(760, 68, 190, 'general', 127000),
(761, 68, 190, 'bronze', 127000),
(762, 68, 190, 'silver', 127000),
(763, 68, 190, 'gold', 127000),
(764, 69, 191, 'general', 6000),
(765, 69, 191, 'bronze', 6000),
(766, 69, 191, 'silver', 6000),
(767, 69, 191, 'gold', 6000),
(768, 69, 192, 'general', 126000),
(769, 69, 192, 'bronze', 126000),
(770, 69, 192, 'silver', 126000),
(771, 69, 192, 'gold', 126000),
(772, 70, 193, 'general', 6000),
(773, 70, 193, 'bronze', 6000),
(774, 70, 193, 'silver', 6000),
(775, 70, 193, 'gold', 6000),
(776, 70, 194, 'general', 134000),
(777, 70, 194, 'bronze', 134000),
(778, 70, 194, 'silver', 134000),
(779, 70, 194, 'gold', 134000),
(780, 71, 195, 'general', 11000),
(781, 71, 195, 'bronze', 11000),
(782, 71, 195, 'silver', 11000),
(783, 71, 195, 'gold', 11000),
(784, 71, 196, 'general', 128000),
(785, 71, 196, 'bronze', 128000),
(786, 71, 196, 'silver', 128000),
(787, 71, 196, 'gold', 128000),
(788, 72, 197, 'general', 11000),
(789, 72, 197, 'bronze', 11000),
(790, 72, 197, 'silver', 11000),
(791, 72, 197, 'gold', 11000),
(792, 72, 198, 'general', 122000),
(793, 72, 198, 'bronze', 122000),
(794, 72, 198, 'silver', 122000),
(795, 72, 198, 'gold', 122000),
(796, 73, 199, 'general', 11000),
(797, 73, 199, 'bronze', 11000),
(798, 73, 199, 'silver', 11000),
(799, 73, 199, 'gold', 11000),
(800, 73, 200, 'general', 122000),
(801, 73, 200, 'bronze', 122000),
(802, 73, 200, 'silver', 122000),
(803, 73, 200, 'gold', 122000),
(804, 74, 201, 'general', 7000),
(805, 74, 201, 'bronze', 7000),
(806, 74, 201, 'silver', 7000),
(807, 74, 201, 'gold', 7000),
(808, 74, 202, 'general', 165000),
(809, 74, 202, 'bronze', 165000),
(810, 74, 202, 'silver', 165000),
(811, 74, 202, 'gold', 165000),
(812, 75, 203, 'general', 11000),
(813, 75, 203, 'bronze', 11000),
(814, 75, 203, 'silver', 11000),
(815, 75, 203, 'gold', 11000),
(816, 75, 204, 'general', 128000),
(817, 75, 204, 'bronze', 128000),
(818, 75, 204, 'silver', 128000),
(819, 75, 204, 'gold', 128000),
(820, 76, 205, 'general', 11000),
(821, 76, 205, 'bronze', 11000),
(822, 76, 205, 'silver', 11000),
(823, 76, 205, 'gold', 11000),
(824, 76, 206, 'general', 128000),
(825, 76, 206, 'bronze', 128000),
(826, 76, 206, 'silver', 128000),
(827, 76, 206, 'gold', 128000),
(828, 77, 207, 'general', 11000),
(829, 77, 207, 'bronze', 11000),
(830, 77, 207, 'silver', 11000),
(831, 77, 207, 'gold', 11000),
(832, 77, 208, 'general', 122000),
(833, 77, 208, 'bronze', 122000),
(834, 77, 208, 'silver', 122000),
(835, 77, 208, 'gold', 122000),
(836, 78, 209, 'general', 11000),
(837, 78, 209, 'bronze', 11000),
(838, 78, 209, 'silver', 11000),
(839, 78, 209, 'gold', 11000),
(840, 78, 210, 'general', 128000),
(841, 78, 210, 'bronze', 128000),
(842, 78, 210, 'silver', 128000),
(843, 78, 210, 'gold', 128000),
(844, 79, 211, 'general', 11000),
(845, 79, 211, 'bronze', 11000),
(846, 79, 211, 'silver', 11000),
(847, 79, 211, 'gold', 11000),
(848, 79, 212, 'general', 128000),
(849, 79, 212, 'bronze', 128000),
(850, 79, 212, 'silver', 128000),
(851, 79, 212, 'gold', 128000),
(852, 80, 213, 'general', 11000),
(853, 80, 213, 'bronze', 11000),
(854, 80, 213, 'silver', 11000),
(855, 80, 213, 'gold', 11000),
(856, 80, 214, 'general', 128000),
(857, 80, 214, 'bronze', 128000),
(858, 80, 214, 'silver', 128000),
(859, 80, 214, 'gold', 128000),
(860, 81, 215, 'general', 11000),
(861, 81, 215, 'bronze', 11000),
(862, 81, 215, 'silver', 11000),
(863, 81, 215, 'gold', 11000),
(864, 81, 216, 'general', 128000),
(865, 81, 216, 'bronze', 128000),
(866, 81, 216, 'silver', 128000),
(867, 81, 216, 'gold', 128000),
(868, 82, 217, 'general', 11000),
(869, 82, 217, 'bronze', 11000),
(870, 82, 217, 'silver', 11000),
(871, 82, 217, 'gold', 11000),
(872, 82, 218, 'general', 128000),
(873, 82, 218, 'bronze', 128000),
(874, 82, 218, 'silver', 128000),
(875, 82, 218, 'gold', 128000),
(876, 83, 219, 'general', 11000),
(877, 83, 219, 'bronze', 11000),
(878, 83, 219, 'silver', 11000),
(879, 83, 219, 'gold', 11000),
(880, 83, 220, 'general', 122000),
(881, 83, 220, 'bronze', 122000),
(882, 83, 220, 'silver', 122000),
(883, 83, 220, 'gold', 122000),
(884, 84, 221, 'general', 11000),
(885, 84, 221, 'bronze', 11000),
(886, 84, 221, 'silver', 11000),
(887, 84, 221, 'gold', 11000),
(888, 84, 222, 'general', 125000),
(889, 84, 222, 'bronze', 125000),
(890, 84, 222, 'silver', 125000),
(891, 84, 222, 'gold', 125000),
(892, 85, 223, 'general', 11000),
(893, 85, 223, 'bronze', 11000),
(894, 85, 223, 'silver', 11000),
(895, 85, 223, 'gold', 11000),
(896, 85, 224, 'general', 122000),
(897, 85, 224, 'bronze', 122000),
(898, 85, 224, 'silver', 122000),
(899, 85, 224, 'gold', 122000),
(900, 86, 225, 'general', 11000),
(901, 86, 225, 'bronze', 11000),
(902, 86, 225, 'silver', 11000),
(903, 86, 225, 'gold', 11000),
(904, 86, 226, 'general', 128000),
(905, 86, 226, 'bronze', 128000),
(906, 86, 226, 'silver', 128000),
(907, 86, 226, 'gold', 128000),
(908, 87, 227, 'general', 11000),
(909, 87, 227, 'bronze', 11000),
(910, 87, 227, 'silver', 11000),
(911, 87, 227, 'gold', 11000),
(912, 87, 228, 'general', 128000),
(913, 87, 228, 'bronze', 128000),
(914, 87, 228, 'silver', 128000),
(915, 87, 228, 'gold', 128000),
(916, 88, 229, 'general', 11000),
(917, 88, 229, 'bronze', 11000),
(918, 88, 229, 'silver', 11000),
(919, 88, 229, 'gold', 11000),
(920, 88, 230, 'general', 128000),
(921, 88, 230, 'bronze', 128000),
(922, 88, 230, 'silver', 128000),
(923, 88, 230, 'gold', 128000),
(924, 89, 231, 'general', 11000),
(925, 89, 231, 'bronze', 11000),
(926, 89, 231, 'silver', 11000),
(927, 89, 231, 'gold', 11000),
(928, 89, 232, 'general', 122000),
(929, 89, 232, 'bronze', 122000),
(930, 89, 232, 'silver', 122000),
(931, 89, 232, 'gold', 122000),
(932, 90, 233, 'general', 11000),
(933, 90, 233, 'bronze', 11000),
(934, 90, 233, 'silver', 11000),
(935, 90, 233, 'gold', 11000),
(936, 90, 234, 'general', 215000),
(937, 90, 234, 'bronze', 215000),
(938, 90, 234, 'silver', 215000),
(939, 90, 234, 'gold', 215000),
(940, 91, 235, 'general', 11000),
(941, 91, 235, 'bronze', 11000),
(942, 91, 235, 'silver', 11000),
(943, 91, 235, 'gold', 11000),
(944, 91, 236, 'general', 128000),
(945, 91, 236, 'bronze', 128000),
(946, 91, 236, 'silver', 128000),
(947, 91, 236, 'gold', 128000),
(948, 92, 237, 'general', 11000),
(949, 92, 237, 'bronze', 11000),
(950, 92, 237, 'silver', 11000),
(951, 92, 237, 'gold', 11000),
(952, 92, 238, 'general', 128000),
(953, 92, 238, 'bronze', 128000),
(954, 92, 238, 'silver', 128000),
(955, 92, 238, 'gold', 128000),
(956, 93, 239, 'general', 11000),
(957, 93, 239, 'bronze', 11000),
(958, 93, 239, 'silver', 11000),
(959, 93, 239, 'gold', 11000),
(960, 93, 240, 'general', 128000),
(961, 93, 240, 'bronze', 128000),
(962, 93, 240, 'silver', 128000),
(963, 93, 240, 'gold', 128000),
(964, 94, 241, 'general', 11000),
(965, 94, 241, 'bronze', 11000),
(966, 94, 241, 'silver', 11000),
(967, 94, 241, 'gold', 11000),
(968, 94, 242, 'general', 128000),
(969, 94, 242, 'bronze', 128000),
(970, 94, 242, 'silver', 128000),
(971, 94, 242, 'gold', 128000),
(972, 95, 243, 'general', 20000),
(973, 95, 243, 'bronze', 20000),
(974, 95, 243, 'silver', 20000),
(975, 95, 243, 'gold', 20000),
(976, 95, 244, 'general', 114000),
(977, 95, 244, 'bronze', 114000),
(978, 95, 244, 'silver', 114000),
(979, 95, 244, 'gold', 114000),
(980, 96, 245, 'general', 11000),
(981, 96, 245, 'bronze', 11000),
(982, 96, 245, 'silver', 11000),
(983, 96, 245, 'gold', 11000),
(984, 96, 246, 'general', 122000),
(985, 96, 246, 'bronze', 122000),
(986, 96, 246, 'silver', 122000),
(987, 96, 246, 'gold', 122000),
(988, 97, 247, 'general', 11000),
(989, 97, 247, 'bronze', 11000),
(990, 97, 247, 'silver', 11000),
(991, 97, 247, 'gold', 11000),
(992, 97, 248, 'general', 128000),
(993, 97, 248, 'bronze', 128000),
(994, 97, 248, 'silver', 128000),
(995, 97, 248, 'gold', 128000),
(996, 98, 249, 'general', 12500),
(997, 98, 249, 'bronze', 12500),
(998, 98, 249, 'silver', 12500),
(999, 98, 249, 'gold', 12500),
(1000, 98, 250, 'general', 144000),
(1001, 98, 250, 'bronze', 144000),
(1002, 98, 250, 'silver', 144000),
(1003, 98, 250, 'gold', 144000),
(1004, 99, 251, 'general', 15000),
(1005, 99, 251, 'bronze', 15000),
(1006, 99, 251, 'silver', 15000),
(1007, 99, 251, 'gold', 15000),
(1008, 99, 252, 'general', 330000),
(1009, 99, 252, 'bronze', 330000),
(1010, 99, 252, 'silver', 330000),
(1011, 99, 252, 'gold', 330000),
(1012, 100, 253, 'general', 25000),
(1013, 100, 253, 'bronze', 25000),
(1014, 100, 253, 'silver', 25000),
(1015, 100, 253, 'gold', 25000),
(1016, 100, 254, 'general', 288000),
(1017, 100, 254, 'bronze', 288000),
(1018, 100, 254, 'silver', 288000),
(1019, 100, 254, 'gold', 288000),
(1020, 101, 255, 'general', 6750),
(1021, 101, 255, 'bronze', 6750),
(1022, 101, 255, 'silver', 6750),
(1023, 101, 255, 'gold', 6750),
(1024, 101, 256, 'general', 290000),
(1025, 101, 256, 'bronze', 290000),
(1026, 101, 256, 'silver', 290000),
(1027, 101, 256, 'gold', 290000),
(1028, 102, 257, 'general', 16000),
(1029, 102, 257, 'bronze', 16000),
(1030, 102, 257, 'silver', 16000),
(1031, 102, 257, 'gold', 16000),
(1032, 102, 258, 'general', 180000),
(1033, 102, 258, 'bronze', 180000),
(1034, 102, 258, 'silver', 180000),
(1035, 102, 258, 'gold', 180000),
(1036, 103, 259, 'general', 1800),
(1037, 103, 259, 'bronze', 1800),
(1038, 103, 259, 'silver', 1800),
(1039, 103, 259, 'gold', 1800),
(1040, 103, 260, 'general', 78000),
(1041, 103, 260, 'bronze', 78000),
(1042, 103, 260, 'silver', 78000),
(1043, 103, 260, 'gold', 78000),
(1044, 104, 261, 'general', 12000),
(1045, 104, 261, 'bronze', 12000),
(1046, 104, 261, 'silver', 12000),
(1047, 104, 261, 'gold', 12000),
(1048, 104, 262, 'general', 138000),
(1049, 104, 262, 'bronze', 138000),
(1050, 104, 262, 'silver', 138000),
(1051, 104, 262, 'gold', 138000),
(1052, 105, 263, 'general', 50000),
(1053, 105, 263, 'bronze', 50000),
(1054, 105, 263, 'silver', 50000),
(1055, 105, 263, 'gold', 50000),
(1056, 106, 264, 'general', 44000),
(1057, 106, 264, 'bronze', 44000),
(1058, 106, 264, 'silver', 44000),
(1059, 106, 264, 'gold', 44000),
(1060, 107, 265, 'general', 113000),
(1061, 107, 265, 'bronze', 113000),
(1062, 107, 265, 'silver', 113000),
(1063, 107, 265, 'gold', 113000),
(1064, 108, 266, 'general', 113000),
(1065, 108, 266, 'bronze', 113000),
(1066, 108, 266, 'silver', 113000),
(1067, 108, 266, 'gold', 113000),
(1068, 109, 267, 'general', 113000),
(1069, 109, 267, 'bronze', 113000),
(1070, 109, 267, 'silver', 113000),
(1071, 109, 267, 'gold', 113000),
(1072, 110, 268, 'general', 113000),
(1073, 110, 268, 'bronze', 113000),
(1074, 110, 268, 'silver', 113000),
(1075, 110, 268, 'gold', 113000),
(1076, 111, 269, 'general', 102000),
(1077, 111, 269, 'bronze', 102000),
(1078, 111, 269, 'silver', 102000),
(1079, 111, 269, 'gold', 102000),
(1080, 112, 270, 'general', 118000),
(1081, 112, 270, 'bronze', 118000),
(1082, 112, 270, 'silver', 118000),
(1083, 112, 270, 'gold', 118000),
(1084, 113, 271, 'general', 113000),
(1085, 113, 271, 'bronze', 113000),
(1086, 113, 271, 'silver', 113000),
(1087, 113, 271, 'gold', 113000),
(1088, 114, 272, 'general', 113000),
(1089, 114, 272, 'bronze', 113000),
(1090, 114, 272, 'silver', 113000),
(1091, 114, 272, 'gold', 113000),
(1092, 115, 273, 'general', 110000),
(1093, 115, 273, 'bronze', 110000),
(1094, 115, 273, 'silver', 110000),
(1095, 115, 273, 'gold', 110000),
(1096, 116, 274, 'general', 50000),
(1097, 116, 274, 'bronze', 50000),
(1098, 116, 274, 'silver', 50000),
(1099, 116, 274, 'gold', 50000),
(1100, 117, 275, 'general', 44000),
(1101, 117, 275, 'bronze', 44000),
(1102, 117, 275, 'silver', 44000),
(1103, 117, 275, 'gold', 44000),
(1104, 118, 276, 'general', 108000),
(1105, 118, 276, 'bronze', 108000),
(1106, 118, 276, 'silver', 108000),
(1107, 118, 276, 'gold', 108000),
(1108, 119, 277, 'general', 108000),
(1109, 119, 277, 'bronze', 108000),
(1110, 119, 277, 'silver', 108000),
(1111, 119, 277, 'gold', 108000),
(1112, 120, 278, 'general', 108000),
(1113, 120, 278, 'bronze', 108000),
(1114, 120, 278, 'silver', 108000),
(1115, 120, 278, 'gold', 108000),
(1116, 121, 279, 'general', 95000),
(1117, 121, 279, 'bronze', 95000),
(1118, 121, 279, 'silver', 95000),
(1119, 121, 279, 'gold', 95000),
(1120, 122, 280, 'general', 95000),
(1121, 122, 280, 'bronze', 95000),
(1122, 122, 280, 'silver', 95000),
(1123, 122, 280, 'gold', 95000),
(1124, 123, 281, 'general', 90000),
(1125, 123, 281, 'bronze', 90000),
(1126, 123, 281, 'silver', 90000),
(1127, 123, 281, 'gold', 90000),
(1128, 124, 282, 'general', 113000),
(1129, 124, 282, 'bronze', 113000),
(1130, 124, 282, 'silver', 113000),
(1131, 124, 282, 'gold', 113000),
(1132, 125, 283, 'general', 54000),
(1133, 125, 283, 'bronze', 54000),
(1134, 125, 283, 'silver', 54000),
(1135, 125, 283, 'gold', 54000),
(1136, 126, 284, 'general', 54000),
(1137, 126, 284, 'bronze', 54000),
(1138, 126, 284, 'silver', 54000),
(1139, 126, 284, 'gold', 54000),
(1140, 127, 285, 'general', 58000),
(1141, 127, 285, 'bronze', 58000),
(1142, 127, 285, 'silver', 58000),
(1143, 127, 285, 'gold', 58000),
(1144, 128, 286, 'general', 54000),
(1145, 128, 286, 'bronze', 54000),
(1146, 128, 286, 'silver', 54000),
(1147, 128, 286, 'gold', 54000),
(1148, 129, 287, 'general', 58000),
(1149, 129, 287, 'bronze', 58000),
(1150, 129, 287, 'silver', 58000),
(1151, 129, 287, 'gold', 58000),
(1152, 130, 288, 'general', 58000),
(1153, 130, 288, 'bronze', 58000),
(1154, 130, 288, 'silver', 58000),
(1155, 130, 288, 'gold', 58000),
(1156, 131, 289, 'general', 54000),
(1157, 131, 289, 'bronze', 54000),
(1158, 131, 289, 'silver', 54000),
(1159, 131, 289, 'gold', 54000),
(1160, 132, 290, 'general', 54000),
(1161, 132, 290, 'bronze', 54000),
(1162, 132, 290, 'silver', 54000),
(1163, 132, 290, 'gold', 54000),
(1164, 133, 291, 'general', 54000),
(1165, 133, 291, 'bronze', 54000),
(1166, 133, 291, 'silver', 54000),
(1167, 133, 291, 'gold', 54000),
(1168, 134, 292, 'general', 113000),
(1169, 134, 292, 'bronze', 113000),
(1170, 134, 292, 'silver', 113000),
(1171, 134, 292, 'gold', 113000),
(1172, 135, 293, 'general', 110000),
(1173, 135, 293, 'bronze', 110000),
(1174, 135, 293, 'silver', 110000),
(1175, 135, 293, 'gold', 110000),
(1176, 136, 294, 'general', 113000),
(1177, 136, 294, 'bronze', 113000),
(1178, 136, 294, 'silver', 113000),
(1179, 136, 294, 'gold', 113000),
(1180, 137, 295, 'general', 113000),
(1181, 137, 295, 'bronze', 113000),
(1182, 137, 295, 'silver', 113000),
(1183, 137, 295, 'gold', 113000),
(1184, 138, 296, 'general', 110000),
(1185, 138, 296, 'bronze', 110000),
(1186, 138, 296, 'silver', 110000),
(1187, 138, 296, 'gold', 110000),
(1188, 139, 297, 'general', 110000),
(1189, 139, 297, 'bronze', 110000),
(1190, 139, 297, 'silver', 110000),
(1191, 139, 297, 'gold', 110000),
(1192, 140, 298, 'general', 110000),
(1193, 140, 298, 'bronze', 110000),
(1194, 140, 298, 'silver', 110000),
(1195, 140, 298, 'gold', 110000),
(1196, 141, 299, 'general', 17000),
(1197, 141, 299, 'bronze', 17000),
(1198, 141, 299, 'silver', 17000),
(1199, 141, 299, 'gold', 17000),
(1200, 141, 300, 'general', 130000),
(1201, 141, 300, 'bronze', 130000),
(1202, 141, 300, 'silver', 130000),
(1203, 141, 300, 'gold', 130000),
(1204, 142, 301, 'general', 4500),
(1205, 142, 301, 'bronze', 4500),
(1206, 142, 301, 'silver', 4500),
(1207, 142, 301, 'gold', 4500),
(1208, 142, 302, 'general', 45000),
(1209, 142, 302, 'bronze', 45000),
(1210, 142, 302, 'silver', 45000),
(1211, 142, 302, 'gold', 45000),
(1212, 143, 303, 'general', 27000),
(1213, 143, 303, 'bronze', 27000),
(1214, 143, 303, 'silver', 27000),
(1215, 143, 303, 'gold', 27000),
(1216, 144, 304, 'general', 22000),
(1217, 144, 304, 'bronze', 22000),
(1218, 144, 304, 'silver', 22000),
(1219, 144, 304, 'gold', 22000),
(1220, 145, 305, 'general', 45000),
(1221, 145, 305, 'bronze', 45000),
(1222, 145, 305, 'silver', 45000),
(1223, 145, 305, 'gold', 45000),
(1224, 146, 306, 'general', 43000),
(1225, 146, 306, 'bronze', 43000),
(1226, 146, 306, 'silver', 43000),
(1227, 146, 306, 'gold', 43000),
(1228, 147, 307, 'general', 17000),
(1229, 147, 307, 'bronze', 17000),
(1230, 147, 307, 'silver', 17000),
(1231, 147, 307, 'gold', 17000),
(1232, 147, 308, 'general', 60000),
(1233, 147, 308, 'bronze', 60000),
(1234, 147, 308, 'silver', 60000),
(1235, 147, 308, 'gold', 60000),
(1236, 148, 309, 'general', 36000),
(1237, 148, 309, 'bronze', 36000),
(1238, 148, 309, 'silver', 36000),
(1239, 148, 309, 'gold', 36000),
(1240, 149, 310, 'general', 20000),
(1241, 149, 310, 'bronze', 20000),
(1242, 149, 310, 'silver', 20000),
(1243, 149, 310, 'gold', 20000),
(1244, 150, 311, 'general', 34000),
(1245, 150, 311, 'bronze', 34000),
(1246, 150, 311, 'silver', 34000),
(1247, 150, 311, 'gold', 34000),
(1258, 67, 187, 'hpp', 0),
(1259, 67, 187, 'general', 15000),
(1260, 67, 187, 'bronze', 15000),
(1261, 67, 187, 'silver', 15000),
(1262, 67, 187, 'gold', 15000),
(1263, 67, 188, 'hpp', 77000),
(1264, 67, 188, 'general', 87000),
(1265, 67, 188, 'bronze', 87000),
(1266, 67, 188, 'silver', 87000),
(1267, 67, 188, 'gold', 87000),
(1268, 151, 312, 'general', 5),
(1269, 151, 312, 'bronze', 5),
(1270, 151, 312, 'silver', 5),
(1271, 151, 312, 'gold', 5),
(1272, 152, 313, 'general', 55),
(1273, 152, 313, 'bronze', 55),
(1274, 152, 313, 'silver', 5),
(1275, 152, 313, 'gold', 5),
(1276, 153, 314, 'general', 2500),
(1277, 153, 314, 'bronze', 2000),
(1278, 153, 314, 'silver', 1500),
(1279, 153, 314, 'gold', 500),
(1280, 153, 315, 'general', 25000),
(1281, 153, 315, 'bronze', 24500),
(1282, 153, 315, 'silver', 24000),
(1283, 153, 315, 'gold', 23000);

-- --------------------------------------------------------

--
-- Table structure for table `unit`
--

CREATE TABLE `unit` (
  `id` int(8) NOT NULL,
  `name` varchar(255) NOT NULL,
  `qty_reference` int(11) DEFAULT NULL,
  `id_inventory` int(8) DEFAULT NULL,
  `stok` int(8) NOT NULL DEFAULT 0,
  `hpp` int(11) NOT NULL
) ENGINE=InnoDB DEFAULT CHARSET=utf8mb4;

--
-- Dumping data for table `unit`
--

INSERT INTO `unit` (`id`, `name`, `qty_reference`, `id_inventory`, `stok`, `hpp`) VALUES
(150, 'HGR', NULL, 50, 6, 55),
(151, 'PAK', 24, 50, 5, 5),
(152, 'DUS', 144, 50, 3, -959992),
(153, 'BKS', NULL, 51, 5, 55),
(154, 'PAK', 12, 51, 5, 5),
(155, 'DUS', 72, 51, 5, 5),
(156, 'BKS', NULL, 52, 5, 55),
(157, 'PAK', 6, 52, 5, 5),
(158, 'DUS', 72, 52, 20, 416251),
(159, 'GTG', NULL, 53, 5, 55),
(160, 'DUS', 48, 53, 9, 431114),
(161, 'PCS', NULL, 54, 5, 5),
(162, 'DUS', 24, 54, 30, 222000),
(163, 'PAK', NULL, 55, 0, 0),
(164, 'DUS', 8, 55, 50, 222300),
(165, 'PAK', NULL, 56, 0, 0),
(166, 'DUS', 9, 56, 81, 154050),
(167, 'PAK', NULL, 57, 0, 0),
(168, 'DUS', 30, 57, 85, 280000),
(169, 'PCS', NULL, 58, 0, 0),
(170, 'DUS', 24, 58, 22, 222000),
(171, 'PCS', NULL, 59, 5, 5),
(172, 'DUS', 24, 59, 27, 222000),
(173, 'PAK', NULL, 60, 0, 0),
(174, 'DUS', 12, 60, 50, 235000),
(175, 'PAK', NULL, 61, 0, 0),
(176, 'DUS', 16, 61, 44, 125000),
(177, 'PAK', NULL, 62, 0, 0),
(178, 'DUS', 24, 62, 80, 129360),
(179, 'PAK', NULL, 63, 0, 0),
(180, 'DUS', 24, 63, 75, 129360),
(181, 'PAK', NULL, 64, 0, 0),
(182, 'DUS', 24, 64, 78, 191000),
(183, 'PAK', NULL, 65, 0, 0),
(184, 'DUS', 40, 65, 44, 220000),
(185, 'PAK', NULL, 66, 0, 0),
(186, 'DUS', 40, 66, 34, 220000),
(187, 'PAK', NULL, 67, 5, 5),
(188, 'DUS', 6, 67, 172, 77000),
(189, 'PAK', NULL, 68, 0, 0),
(190, 'DUS', 6, 68, 186, 84661),
(191, 'PAK', NULL, 69, 0, 0),
(192, 'DUS', 24, 69, 74, 120000),
(193, 'PAK', NULL, 70, 0, 0),
(194, 'DUS', 24, 70, 35, 129360),
(195, 'PAK', NULL, 71, 0, 0),
(196, 'DUS', 12, 71, 0, 125000),
(197, 'PAK', NULL, 72, 0, 0),
(198, 'DUS', 12, 72, 47, 120000),
(199, 'PAK', NULL, 73, 0, 0),
(200, 'DUS', 12, 73, 42, 120000),
(201, 'PAK', NULL, 74, 0, 0),
(202, 'DUS', 24, 74, 45, 163000),
(203, 'PAK', NULL, 75, 0, 0),
(204, 'DUS', 12, 75, 55, 125000),
(205, 'PAK', NULL, 76, 0, 0),
(206, 'DUS', 12, 76, 28, 125000),
(207, 'PAK', NULL, 77, 0, 0),
(208, 'DUS', 12, 77, 62, 120000),
(209, 'PAK', NULL, 78, 0, 0),
(210, 'DUS', 12, 78, 82, 125000),
(211, 'PAK', NULL, 79, 0, 0),
(212, 'DUS', 12, 79, 0, 0),
(213, 'PAK', NULL, 80, 0, 0),
(214, 'DUS', 12, 80, 87, 125000),
(215, 'PAK', NULL, 81, 0, 0),
(216, 'DUS', 12, 81, 59, 125000),
(217, 'PAK', NULL, 82, 0, 0),
(218, 'DUS', 12, 82, 60, 125000),
(219, 'PAK', NULL, 83, 0, 0),
(220, 'DUS', 12, 83, 56, 120000),
(221, 'PAK', NULL, 84, 0, 0),
(222, 'DUS', 12, 84, 74, 117000),
(223, 'PAK', NULL, 85, 0, 0),
(224, 'DUS', 12, 85, 65, 120000),
(225, 'PAK', NULL, 86, 0, 0),
(226, 'DUS', 12, 86, 84, 125000),
(227, 'PAK', NULL, 87, 0, 0),
(228, 'DUS', 12, 87, 85, 125000),
(229, 'PAK', NULL, 88, 0, 0),
(230, 'DUS', 12, 88, 70, 125000),
(231, 'PAK', NULL, 89, 0, 0),
(232, 'DUS', 12, 89, 55, 120000),
(233, 'PAK', NULL, 90, 0, 0),
(234, 'DUS', 20, 90, 67, 210000),
(235, 'PAK', NULL, 91, 0, 0),
(236, 'DUS', 12, 91, 60, 125000),
(237, 'PAK', NULL, 92, 0, 0),
(238, 'DUS', 12, 92, 77, 125000),
(239, 'PAK', NULL, 93, 0, 0),
(240, 'DUS', 12, 93, 81, 125000),
(241, 'PAK', NULL, 94, 0, 0),
(242, 'DUS', 12, 94, 90, 125000),
(243, 'PAK', NULL, 95, 0, 0),
(244, 'DUS', 6, 95, 77, 108000),
(245, 'PAK', NULL, 96, 0, 0),
(246, 'DUS', 12, 96, 70, 120000),
(247, 'PAK', NULL, 97, 0, 0),
(248, 'DUS', 12, 97, 84, 125000),
(249, 'PCS', NULL, 98, 0, 0),
(250, 'DUS', 12, 98, 15, 140000),
(251, 'PCS', NULL, 99, 0, 0),
(252, 'DUS', 24, 99, 20, 325000),
(253, 'PCS', NULL, 100, 0, 0),
(254, 'DUS', 12, 100, 10, 280000),
(255, 'PCS', NULL, 101, 0, 0),
(256, 'DUS', 48, 101, 13, 255000),
(257, 'PCS', NULL, 102, 0, 0),
(258, 'DUS', 12, 102, 73, 170000),
(259, 'PCS', NULL, 103, 0, 0),
(260, 'DUS', 48, 103, 78, 75000),
(261, 'GTG', NULL, 104, 0, 0),
(262, 'DUS', 12, 104, 90, 135000),
(263, 'DUS', NULL, 105, 78, 48000),
(264, 'DUS', NULL, 106, 80, 42500),
(265, 'DUS', NULL, 107, 76, 112000),
(266, 'DUS', NULL, 108, 163, 112000),
(267, 'DUS', NULL, 109, 75, 112000),
(268, 'DUS', NULL, 110, 130, 112000),
(269, 'DUS', NULL, 111, 138, 100000),
(270, 'DUS', NULL, 112, 90, 116000),
(271, 'DUS', NULL, 113, 100, 112000),
(272, 'DUS', NULL, 114, 82, 112000),
(273, 'DUS', NULL, 115, 200, 108000),
(274, 'DUS', NULL, 116, 90, 48000),
(275, 'DUS', NULL, 117, 80, 42500),
(276, 'DUS', NULL, 118, 100, 104000),
(277, 'DUS', NULL, 119, 100, 104000),
(278, 'DUS', NULL, 120, 100, 104000),
(279, 'DUS', NULL, 121, 100, 93000),
(280, 'DUS', NULL, 122, 95, 93000),
(281, 'DUS', NULL, 123, 93, 87000),
(282, 'DUS', NULL, 124, 80, 110000),
(283, 'DUS', NULL, 125, 30, 50000),
(284, 'DUS', NULL, 126, 50, 50000),
(285, 'DUS', NULL, 127, 47, 52000),
(286, 'DUS', NULL, 128, 35, 50000),
(287, 'DUS', NULL, 129, 45, 52000),
(288, 'DUS', NULL, 130, 45, 52000),
(289, 'DUS', NULL, 131, 45, 50000),
(290, 'DUS', NULL, 132, 50, 51000),
(291, 'DUS', NULL, 133, 40, 50000),
(292, 'DUS', NULL, 134, 45, 110000),
(293, 'DUS', NULL, 135, 50, 108000),
(294, 'DUS', NULL, 136, 100, 110000),
(295, 'DUS', NULL, 137, 50, 110000),
(296, 'DUS', NULL, 138, 50, 108000),
(297, 'DUS', NULL, 139, 195, 108000),
(298, 'DUS', NULL, 140, 47, 108000),
(299, 'GTG', NULL, 141, 0, 0),
(300, 'DUS', 8, 141, 45, 126750),
(301, 'PCS', NULL, 142, 0, 0),
(302, 'DUS', 12, 142, 180, 39300),
(303, 'DUS', NULL, 143, 98, 23200),
(304, 'DUS', NULL, 144, 95, 20100),
(305, 'DUS', NULL, 145, 100, 42150),
(306, 'DUS', NULL, 146, 65, 38800),
(307, 'PCS', NULL, 147, 0, 0),
(308, 'DUS', 4, 147, 48, 58000),
(309, 'DUS', NULL, 148, 0, 0),
(310, 'DUS', NULL, 149, 0, 0),
(311, 'DUS', NULL, 150, 0, 0),
(312, 'pcs', NULL, 151, 0, 0),
(313, 'pcs', NULL, 152, 0, 0),
(314, 'ws', NULL, 153, 0, 0),
(315, 'rr', 2, 153, 0, 0);

-- --------------------------------------------------------

--
-- Table structure for table `users`
--

CREATE TABLE `users` (
  `id` int(8) NOT NULL,
  `username` varchar(255) NOT NULL,
  `password` varchar(255) NOT NULL,
  `id_role` int(8) NOT NULL
) ENGINE=InnoDB DEFAULT CHARSET=utf8mb4;

--
-- Dumping data for table `users`
--

INSERT INTO `users` (`id`, `username`, `password`, `id_role`) VALUES
(1, 'admin', '$2y$10$aAeBZLGRvFKyo/YuS6OjouyV/iSodjXLx50sDBVPaypV7cdgNYsDm', 1),
(2, 'kasir', '$2y$10$XgWgiLdhfaBtfyXfEnaS4ehinxaKi6mim2h5tuwgbVUCgTtVwzgiu', 2),
(16, 'gudang', '$2y$10$5C6d0kh4DNCs5B3U7f.oXuINz5ucWAecL.9n/O3KzBtMRt8szHqZu', 1);

--
-- Indexes for dumped tables
--

--
-- Indexes for table `category_inventory`
--
ALTER TABLE `category_inventory`
  ADD PRIMARY KEY (`id`);

--
-- Indexes for table `customer`
--
ALTER TABLE `customer`
  ADD PRIMARY KEY (`id`),
  ADD UNIQUE KEY `code` (`code`),
  ADD KEY `id_tier` (`tier_customer`);

--
-- Indexes for table `diskon`
--
ALTER TABLE `diskon`
  ADD PRIMARY KEY (`id`),
  ADD KEY `diskon_ibfk_1` (`id_inventory`),
  ADD KEY `diskon_ibfk_2` (`id_unit`);

--
-- Indexes for table `d_pengiriman`
--
ALTER TABLE `d_pengiriman`
  ADD PRIMARY KEY (`id`),
  ADD KEY `id_h_pengiriman` (`id_h_pengiriman`),
  ADD KEY `id_h_transaction` (`id_h_transaction`);

--
-- Indexes for table `d_purchase_order`
--
ALTER TABLE `d_purchase_order`
  ADD PRIMARY KEY (`id`),
  ADD KEY `id_inventory` (`id_inventory`),
  ADD KEY `id_unit` (`id_unit`),
  ADD KEY `id_h_purchase_order` (`id_h_purchase_order`);

--
-- Indexes for table `d_transaction`
--
ALTER TABLE `d_transaction`
  ADD PRIMARY KEY (`id`),
  ADD KEY `id_h_transaction` (`id_h_transaction`),
  ADD KEY `id_inventory` (`id_inventory`),
  ADD KEY `id_unit` (`id_unit`);

--
-- Indexes for table `h_pengiriman`
--
ALTER TABLE `h_pengiriman`
  ADD PRIMARY KEY (`id`);

--
-- Indexes for table `h_purchase_order`
--
ALTER TABLE `h_purchase_order`
  ADD PRIMARY KEY (`id`);

--
-- Indexes for table `h_transaction`
--
ALTER TABLE `h_transaction`
  ADD PRIMARY KEY (`id`),
  ADD KEY `id_cashier` (`id_cashier`),
  ADD KEY `id_customer` (`id_customer`),
  ADD KEY `id_h_pengiriman` (`id_h_pengiriman`);

--
-- Indexes for table `inventory`
--
ALTER TABLE `inventory`
  ADD PRIMARY KEY (`id`),
  ADD UNIQUE KEY `code` (`code`);

--
-- Indexes for table `log_terima_barang`
--
ALTER TABLE `log_terima_barang`
  ADD PRIMARY KEY (`id`);

--
-- Indexes for table `permission`
--
ALTER TABLE `permission`
  ADD PRIMARY KEY (`id`);

--
-- Indexes for table `permission_role`
--
ALTER TABLE `permission_role`
  ADD PRIMARY KEY (`id`),
  ADD KEY `id_permission` (`id_permission`),
  ADD KEY `id_role` (`id_role`);

--
-- Indexes for table `product_supplier`
--
ALTER TABLE `product_supplier`
  ADD PRIMARY KEY (`id`),
  ADD KEY `id_product` (`id_product`),
  ADD KEY `id_supplier` (`id_supplier`);

--
-- Indexes for table `retur_po`
--
ALTER TABLE `retur_po`
  ADD PRIMARY KEY (`id`);

--
-- Indexes for table `retur_transaction`
--
ALTER TABLE `retur_transaction`
  ADD PRIMARY KEY (`id`);

--
-- Indexes for table `role`
--
ALTER TABLE `role`
  ADD PRIMARY KEY (`id`);

--
-- Indexes for table `setting`
--
ALTER TABLE `setting`
  ADD PRIMARY KEY (`id`);

--
-- Indexes for table `stok_opname`
--
ALTER TABLE `stok_opname`
  ADD PRIMARY KEY (`id`);

--
-- Indexes for table `supplier`
--
ALTER TABLE `supplier`
  ADD PRIMARY KEY (`id`),
  ADD UNIQUE KEY `code` (`code`);

--
-- Indexes for table `tier_pricing`
--
ALTER TABLE `tier_pricing`
  ADD PRIMARY KEY (`id`),
  ADD KEY `id_inventory` (`id_inventory`),
  ADD KEY `id_unit` (`id_unit`);

--
-- Indexes for table `unit`
--
ALTER TABLE `unit`
  ADD PRIMARY KEY (`id`),
  ADD KEY `unit_ibfk_1` (`id_inventory`);

--
-- Indexes for table `users`
--
ALTER TABLE `users`
  ADD PRIMARY KEY (`id`),
  ADD UNIQUE KEY `username` (`username`),
  ADD KEY `id_role` (`id_role`);

--
-- AUTO_INCREMENT for dumped tables
--

--
-- AUTO_INCREMENT for table `category_inventory`
--
ALTER TABLE `category_inventory`
  MODIFY `id` int(8) NOT NULL AUTO_INCREMENT, AUTO_INCREMENT=32;

--
-- AUTO_INCREMENT for table `customer`
--
ALTER TABLE `customer`
  MODIFY `id` int(8) NOT NULL AUTO_INCREMENT, AUTO_INCREMENT=33;

--
-- AUTO_INCREMENT for table `diskon`
--
ALTER TABLE `diskon`
  MODIFY `id` int(8) NOT NULL AUTO_INCREMENT;

--
-- AUTO_INCREMENT for table `d_pengiriman`
--
ALTER TABLE `d_pengiriman`
  MODIFY `id` int(8) NOT NULL AUTO_INCREMENT, AUTO_INCREMENT=3;

--
-- AUTO_INCREMENT for table `d_purchase_order`
--
ALTER TABLE `d_purchase_order`
  MODIFY `id` int(8) NOT NULL AUTO_INCREMENT, AUTO_INCREMENT=230;

--
-- AUTO_INCREMENT for table `d_transaction`
--
ALTER TABLE `d_transaction`
  MODIFY `id` int(8) NOT NULL AUTO_INCREMENT, AUTO_INCREMENT=335;

--
-- AUTO_INCREMENT for table `h_pengiriman`
--
ALTER TABLE `h_pengiriman`
  MODIFY `id` int(8) NOT NULL AUTO_INCREMENT, AUTO_INCREMENT=2;

--
-- AUTO_INCREMENT for table `h_purchase_order`
--
ALTER TABLE `h_purchase_order`
  MODIFY `id` int(8) NOT NULL AUTO_INCREMENT, AUTO_INCREMENT=15;

--
-- AUTO_INCREMENT for table `h_transaction`
--
ALTER TABLE `h_transaction`
  MODIFY `id` int(8) NOT NULL AUTO_INCREMENT, AUTO_INCREMENT=119;

--
-- AUTO_INCREMENT for table `inventory`
--
ALTER TABLE `inventory`
  MODIFY `id` int(8) NOT NULL AUTO_INCREMENT, AUTO_INCREMENT=154;

--
-- AUTO_INCREMENT for table `log_terima_barang`
--
ALTER TABLE `log_terima_barang`
  MODIFY `id` int(11) NOT NULL AUTO_INCREMENT, AUTO_INCREMENT=113;

--
-- AUTO_INCREMENT for table `permission`
--
ALTER TABLE `permission`
  MODIFY `id` int(8) NOT NULL AUTO_INCREMENT, AUTO_INCREMENT=26;

--
-- AUTO_INCREMENT for table `permission_role`
--
ALTER TABLE `permission_role`
  MODIFY `id` int(8) NOT NULL AUTO_INCREMENT, AUTO_INCREMENT=224;

--
-- AUTO_INCREMENT for table `product_supplier`
--
ALTER TABLE `product_supplier`
  MODIFY `id` int(8) NOT NULL AUTO_INCREMENT, AUTO_INCREMENT=131;

--
-- AUTO_INCREMENT for table `retur_po`
--
ALTER TABLE `retur_po`
  MODIFY `id` int(11) NOT NULL AUTO_INCREMENT, AUTO_INCREMENT=6;

--
-- AUTO_INCREMENT for table `retur_transaction`
--
ALTER TABLE `retur_transaction`
  MODIFY `id` int(11) NOT NULL AUTO_INCREMENT, AUTO_INCREMENT=4;

--
-- AUTO_INCREMENT for table `role`
--
ALTER TABLE `role`
  MODIFY `id` int(8) NOT NULL AUTO_INCREMENT, AUTO_INCREMENT=8;

--
-- AUTO_INCREMENT for table `setting`
--
ALTER TABLE `setting`
  MODIFY `id` int(11) NOT NULL AUTO_INCREMENT, AUTO_INCREMENT=6;

--
-- AUTO_INCREMENT for table `stok_opname`
--
ALTER TABLE `stok_opname`
  MODIFY `id` int(8) NOT NULL AUTO_INCREMENT;

--
-- AUTO_INCREMENT for table `supplier`
--
ALTER TABLE `supplier`
  MODIFY `id` int(8) NOT NULL AUTO_INCREMENT, AUTO_INCREMENT=34;

--
-- AUTO_INCREMENT for table `tier_pricing`
--
ALTER TABLE `tier_pricing`
  MODIFY `id` int(8) NOT NULL AUTO_INCREMENT, AUTO_INCREMENT=1284;

--
-- AUTO_INCREMENT for table `unit`
--
ALTER TABLE `unit`
  MODIFY `id` int(8) NOT NULL AUTO_INCREMENT, AUTO_INCREMENT=316;

--
-- AUTO_INCREMENT for table `users`
--
ALTER TABLE `users`
  MODIFY `id` int(8) NOT NULL AUTO_INCREMENT, AUTO_INCREMENT=17;

--
-- Constraints for dumped tables
--

--
-- Constraints for table `diskon`
--
ALTER TABLE `diskon`
  ADD CONSTRAINT `diskon_ibfk_1` FOREIGN KEY (`id_inventory`) REFERENCES `inventory` (`id`) ON DELETE CASCADE ON UPDATE CASCADE,
  ADD CONSTRAINT `diskon_ibfk_2` FOREIGN KEY (`id_unit`) REFERENCES `unit` (`id`) ON DELETE CASCADE ON UPDATE CASCADE;

--
-- Constraints for table `d_pengiriman`
--
ALTER TABLE `d_pengiriman`
  ADD CONSTRAINT `d_pengiriman_ibfk_1` FOREIGN KEY (`id_h_pengiriman`) REFERENCES `h_pengiriman` (`id`),
  ADD CONSTRAINT `d_pengiriman_ibfk_2` FOREIGN KEY (`id_h_transaction`) REFERENCES `h_transaction` (`id`);

--
-- Constraints for table `d_purchase_order`
--
ALTER TABLE `d_purchase_order`
  ADD CONSTRAINT `d_purchase_order_ibfk_1` FOREIGN KEY (`id_inventory`) REFERENCES `inventory` (`id`) ON DELETE CASCADE ON UPDATE CASCADE,
  ADD CONSTRAINT `d_purchase_order_ibfk_2` FOREIGN KEY (`id_unit`) REFERENCES `unit` (`id`) ON DELETE CASCADE ON UPDATE CASCADE,
  ADD CONSTRAINT `d_purchase_order_ibfk_3` FOREIGN KEY (`id_h_purchase_order`) REFERENCES `h_purchase_order` (`id`) ON DELETE CASCADE ON UPDATE CASCADE;

--
-- Constraints for table `d_transaction`
--
ALTER TABLE `d_transaction`
  ADD CONSTRAINT `d_transaction_ibfk_1` FOREIGN KEY (`id_h_transaction`) REFERENCES `h_transaction` (`id`),
  ADD CONSTRAINT `d_transaction_ibfk_2` FOREIGN KEY (`id_inventory`) REFERENCES `inventory` (`id`),
  ADD CONSTRAINT `d_transaction_ibfk_3` FOREIGN KEY (`id_unit`) REFERENCES `unit` (`id`);

--
-- Constraints for table `h_transaction`
--
ALTER TABLE `h_transaction`
  ADD CONSTRAINT `h_transaction_ibfk_1` FOREIGN KEY (`id_cashier`) REFERENCES `users` (`id`),
  ADD CONSTRAINT `h_transaction_ibfk_2` FOREIGN KEY (`id_customer`) REFERENCES `customer` (`id`),
  ADD CONSTRAINT `h_transaction_ibfk_3` FOREIGN KEY (`id_h_pengiriman`) REFERENCES `h_pengiriman` (`id`);

--
-- Constraints for table `permission_role`
--
ALTER TABLE `permission_role`
  ADD CONSTRAINT `permission_role_ibfk_1` FOREIGN KEY (`id_permission`) REFERENCES `permission` (`id`) ON DELETE CASCADE ON UPDATE CASCADE,
  ADD CONSTRAINT `permission_role_ibfk_2` FOREIGN KEY (`id_role`) REFERENCES `role` (`id`) ON DELETE CASCADE ON UPDATE CASCADE;

--
-- Constraints for table `product_supplier`
--
ALTER TABLE `product_supplier`
  ADD CONSTRAINT `product_supplier_ibfk_1` FOREIGN KEY (`id_product`) REFERENCES `inventory` (`id`),
  ADD CONSTRAINT `product_supplier_ibfk_2` FOREIGN KEY (`id_supplier`) REFERENCES `supplier` (`id`);

--
-- Constraints for table `tier_pricing`
--
ALTER TABLE `tier_pricing`
  ADD CONSTRAINT `tier_pricing_ibfk_1` FOREIGN KEY (`id_inventory`) REFERENCES `inventory` (`id`) ON DELETE CASCADE ON UPDATE CASCADE,
  ADD CONSTRAINT `tier_pricing_ibfk_2` FOREIGN KEY (`id_unit`) REFERENCES `unit` (`id`) ON DELETE CASCADE ON UPDATE CASCADE;

--
-- Constraints for table `unit`
--
ALTER TABLE `unit`
  ADD CONSTRAINT `unit_ibfk_1` FOREIGN KEY (`id_inventory`) REFERENCES `inventory` (`id`) ON DELETE CASCADE ON UPDATE CASCADE;

--
-- Constraints for table `users`
--
ALTER TABLE `users`
  ADD CONSTRAINT `users_ibfk_1` FOREIGN KEY (`id_role`) REFERENCES `role` (`id`);
COMMIT;

/*!40101 SET CHARACTER_SET_CLIENT=@OLD_CHARACTER_SET_CLIENT */;
/*!40101 SET CHARACTER_SET_RESULTS=@OLD_CHARACTER_SET_RESULTS */;
/*!40101 SET COLLATION_CONNECTION=@OLD_COLLATION_CONNECTION */;
